name,id,optaId,teamId,teamName,isGoalkeeper,stats,shirtNumber,positionId,usualPosition,matchId,matchRound,homeTeamName,homeTeamid,awayTeamName,awayTeamid,matchDate,home_goals,away_goals,FotMob_rating,Minutes_played,Goals,Assists,Total_shots,Accurate_passes_value,Accurate_passes_total,Chances_created,Expected_assists_xA,xG_plus_xA,Fantasy_points,Defensive_actions,touches,touches_opp_box,passes_into_final_third,accurate_crosses_value,accurate_crosses_total,long_balls_accurate_value,long_balls_accurate_total,dispossessed,tackles_succeeded_value,tackles_succeeded_total,shot_blocks,clearances,headed_clearance,interceptions,recoveries,dribbled_past,duel_won,duel_lost,ground_duels_won_value,ground_duels_won_total,aerials_won_value,aerials_won_total,fouls_received,fouls_committed
Marcelo Moreno,96481,48824,1844,Oriente Petrolero,False,[],9,,,1000010812,1,San Antonio Bulo Bulo,1297060,Oriente Petrolero,1844,2026-04-04T23:30:00.000Z,2,0,,,,,,,,,,,,,,,,,,,,,,,,,,,,,,,,,,,,
Eliaquim Mangala,156551,57112,1844,Oriente Petrolero,False,"[{'title': 'Top stats', 'key': 'top_stats', 'stats': {'FotMob rating': {'key': 'rating_title', 'stat': {'value': 6.21, 'type': 'double'}}, 'Minutes played': {'key': 'minutes_played', 'stat': {'value': 54, 'type': 'integer'}}, 'Goals': {'key': 'goals', 'stat': {'value': 0, 'type': 'integer'}}, 'Assists': {'key': 'assists', 'stat': {'value': 0, 'type': 'integer'}}, 'Accurate passes': {'key': 'accurate_passes', 'stat': {'value': 28, 'total': 37, 'type': 'fractionWithPercentage'}}, 'Chances created': {'key': 'chances_created', 'stat': {'value': 0, 'type': 'integer'}}, 'Shotmap': {'key': None, 'stat': {'value': 0, 'type': 'boolean'}}, 'Defensive actions': {'key': 'defensive_actions', 'stat': {'value': 4, 'type': 'integer'}}}}, {'title': 'Attack', 'key': 'attack', 'stats': {'Touches': {'key': 'touches', 'stat': {'value': 44, 'type': 'integer'}}, 'Touches in opposition box': {'key': 'touches_opp_box', 'stat': {'value': 0, 'type': 'integer'}}, 'Successful dribbles': {'key': 'dribbles_succeeded', 'stat': {'value': 1, 'total': 1, 'type': 'fractionWithPercentage'}}, 'Passes into final third': {'key': 'passes_into_final_third', 'stat': {'value': 7, 'type': 'integer'}}, 'Accurate long balls': {'key': 'long_balls_accurate', 'stat': {'value': 5, 'total': 10, 'type': 'fractionWithPercentage'}}, 'Dispossessed': {'key': 'dispossessed', 'stat': {'value': 1, 'type': 'integer'}}}}, {'title': 'Defense', 'key': 'defense', 'stats': {'Defensive actions': {'key': 'defensive_actions', 'stat': {'value': 4, 'type': 'integer'}}, 'Tackles': {'key': 'matchstats.headers.tackles', 'stat': {'value': 0, 'type': 'integer'}}, 'Blocks': {'key': 'shot_blocks', 'stat': {'value': 1, 'type': 'integer'}}, 'Clearances': {'key': 'clearances', 'stat': {'value': 3, 'type': 'integer'}}, 'Interceptions': {'key': 'interceptions', 'stat': {'value': 0, 'type': 'integer'}}, 'Recoveries': {'key': 'recoveries', 'stat': {'value': 2, 'type': 'integer'}}, 'Dribbled past': {'key': 'dribbled_past', 'stat': {'value': 0, 'type': 'integer'}}}}, {'title': 'Duels', 'key': 'duels', 'stats': {'Ground duels won': {'key': 'ground_duels_won', 'stat': {'value': 2, 'total': 3, 'type': 'fractionWithPercentage'}}, 'Aerial duels won': {'key': 'aerials_won', 'stat': {'value': 1, 'total': 1, 'type': 'fractionWithPercentage'}}, 'Was fouled': {'key': 'was_fouled', 'stat': {'value': 1, 'type': 'integer'}}, 'Fouls committed': {'key': 'fouls', 'stat': {'value': 0, 'type': 'integer'}}, 'Duels won': {'key': 'duel_won', 'stat': {'value': 3, 'type': 'integer'}, 'hideInPopupCard': True}, 'Duels lost': {'key': 'duel_lost', 'stat': {'value': 1, 'type': 'integer'}, 'hideInPopupCard': True}}}]",5,34,1,1000010812,1,San Antonio Bulo Bulo,1297060,Oriente Petrolero,1844,2026-04-04T23:30:00.000Z,2,0,6.21,54.0,0.0,0.0,,28.0,37.0,0.0,,,,4.0,44.0,0.0,7.0,,,5.0,10.0,1.0,,,1.0,3.0,,0.0,2.0,0.0,3.0,1.0,2.0,3.0,1.0,1.0,1.0,0.0
Ramiro Ballivián,175539,193380,1297060,San Antonio Bulo Bulo,False,"[{'title': 'Top stats', 'key': 'top_stats', 'stats': {'FotMob rating': {'key': 'rating_title', 'stat': {'value': 6.59, 'type': 'double'}}, 'Minutes played': {'key': 'minutes_played', 'stat': {'value': 59, 'type': 'integer'}}, 'Goals': {'key': 'goals', 'stat': {'value': 0, 'type': 'integer'}}, 'Assists': {'key': 'assists', 'stat': {'value': 0, 'type': 'integer'}}, 'Accurate passes': {'key': 'accurate_passes', 'stat': {'value': 7, 'total': 10, 'type': 'fractionWithPercentage'}}, 'Chances created': {'key': 'chances_created', 'stat': {'value': 1, 'type': 'integer'}}, 'Shotmap': {'key': None, 'stat': {'value': 0, 'type': 'boolean'}}, 'Defensive actions': {'key': 'defensive_actions', 'stat': {'value': 3, 'type': 'integer'}}}}, {'title': 'Attack', 'key': 'attack', 'stats': {'Touches': {'key': 'touches', 'stat': {'value': 23, 'type': 'integer'}}, 'Touches in opposition box': {'key': 'touches_opp_box', 'stat': {'value': 3, 'type': 'integer'}}, 'Passes into final third': {'key': 'passes_into_final_third', 'stat': {'value': 3, 'type': 'integer'}}, 'Accurate crosses': {'key': 'accurate_crosses', 'stat': {'value': 0, 'total': 2, 'type': 'fractionWithPercentage'}}, 'Dispossessed': {'key': 'dispossessed', 'stat': {'value': 0, 'type': 'integer'}}}}, {'title': 'Defense', 'key': 'defense', 'stats': {'Defensive actions': {'key': 'defensive_actions', 'stat': {'value': 3, 'type': 'integer'}}, 'Tackles': {'key': 'matchstats.headers.tackles', 'stat': {'value': 1, 'type': 'integer'}}, 'Blocks': {'key': 'shot_blocks', 'stat': {'value': 1, 'type': 'integer'}}, 'Clearances': {'key': 'clearances', 'stat': {'value': 0, 'type': 'integer'}}, 'Interceptions': {'key': 'interceptions', 'stat': {'value': 1, 'type': 'integer'}}, 'Recoveries': {'key': 'recoveries', 'stat': {'value': 0, 'type': 'integer'}}, 'Dribbled past': {'key': 'dribbled_past', 'stat': {'value': 0, 'type': 'integer'}}}}, {'title': 'Duels', 'key': 'duels', 'stats': {'Ground duels won': {'key': 'ground_duels_won', 'stat': {'value': 1, 'total': 3, 'type': 'fractionWithPercentage'}}, 'Aerial duels won': {'key': 'aerials_won', 'stat': {'value': 0, 'total': 1, 'type': 'fractionWithPercentage'}}, 'Was fouled': {'key': 'was_fouled', 'stat': {'type': 'integer'}}, 'Fouls committed': {'key': 'fouls', 'stat': {'value': 2, 'type': 'integer'}}, 'Duels won': {'key': 'duel_won', 'stat': {'value': 1, 'type': 'integer'}, 'hideInPopupCard': True}, 'Duels lost': {'key': 'duel_lost', 'stat': {'value': 3, 'type': 'integer'}, 'hideInPopupCard': True}}}]",21,32,1,1000010812,1,San Antonio Bulo Bulo,1297060,Oriente Petrolero,1844,2026-04-04T23:30:00.000Z,2,0,6.59,59.0,0.0,0.0,,7.0,10.0,1.0,,,,3.0,23.0,3.0,3.0,0.0,2.0,,,0.0,,,1.0,0.0,,1.0,0.0,0.0,1.0,3.0,1.0,3.0,0.0,1.0,,2.0
Luciano Ursino,238801,194403,1844,Oriente Petrolero,False,"[{'title': 'Top stats', 'key': 'top_stats', 'stats': {'FotMob rating': {'key': 'rating_title', 'stat': {'value': 7.06, 'type': 'double'}}, 'Minutes played': {'key': 'minutes_played', 'stat': {'value': 69, 'type': 'integer'}}, 'Goals': {'key': 'goals', 'stat': {'value': 0, 'type': 'integer'}}, 'Assists': {'key': 'assists', 'stat': {'value': 0, 'type': 'integer'}}, 'Accurate passes': {'key': 'accurate_passes', 'stat': {'value': 22, 'total': 25, 'type': 'fractionWithPercentage'}}, 'Chances created': {'key': 'chances_created', 'stat': {'value': 2, 'type': 'integer'}}, 'Shots on target': {'key': 'ShotsOnTarget', 'stat': {'value': 1, 'type': 'integer'}}, 'Shots off target': {'key': 'ShotsOffTarget', 'stat': {'value': 2, 'type': 'integer'}}, 'Shot accuracy': {'key': 'shot_accuracy', 'stat': {'value': 1, 'total': 3, 'type': 'fractionWithPercentage'}}, 'Shotmap': {'key': None, 'stat': {'value': 1, 'type': 'boolean'}}, 'Defensive actions': {'key': 'defensive_actions', 'stat': {'value': 2, 'type': 'integer'}}}}, {'title': 'Attack', 'key': 'attack', 'stats': {'Touches': {'key': 'touches', 'stat': {'value': 33, 'type': 'integer'}}, 'Touches in opposition box': {'key': 'touches_opp_box', 'stat': {'value': 3, 'type': 'integer'}}, 'Successful dribbles': {'key': 'dribbles_succeeded', 'stat': {'value': 1, 'total': 1, 'type': 'fractionWithPercentage'}}, 'Passes into final third': {'key': 'passes_into_final_third', 'stat': {'value': 8, 'type': 'integer'}}, 'Accurate long balls': {'key': 'long_balls_accurate', 'stat': {'value': 3, 'total': 3, 'type': 'fractionWithPercentage'}}, 'Dispossessed': {'key': 'dispossessed', 'stat': {'value': 0, 'type': 'integer'}}}}, {'title': 'Defense', 'key': 'defense', 'stats': {'Defensive actions': {'key': 'defensive_actions', 'stat': {'value': 2, 'type': 'integer'}}, 'Tackles': {'key': 'matchstats.headers.tackles', 'stat': {'value': 1, 'type': 'integer'}}, 'Blocks': {'key': 'shot_blocks', 'stat': {'value': 0, 'type': 'integer'}}, 'Clearances': {'key': 'clearances', 'stat': {'value': 1, 'type': 'integer'}}, 'Interceptions': {'key': 'interceptions', 'stat': {'value': 0, 'type': 'integer'}}, 'Recoveries': {'key': 'recoveries', 'stat': {'value': 3, 'type': 'integer'}}, 'Dribbled past': {'key': 'dribbled_past', 'stat': {'value': 0, 'type': 'integer'}}}}, {'title': 'Duels', 'key': 'duels', 'stats': {'Ground duels won': {'key': 'ground_duels_won', 'stat': {'value': 2, 'total': 2, 'type': 'fractionWithPercentage'}}, 'Aerial duels won': {'key': 'aerials_won', 'stat': {'value': 0, 'total': 0, 'type': 'fractionWithPercentage'}}, 'Was fouled': {'key': 'was_fouled', 'stat': {'type': 'integer'}}, 'Fouls committed': {'key': 'fouls', 'stat': {'value': 0, 'type': 'integer'}}, 'Duels won': {'key': 'duel_won', 'stat': {'value': 2, 'type': 'integer'}, 'hideInPopupCard': True}}}]",88,86,2,1000010812,1,San Antonio Bulo Bulo,1297060,Oriente Petrolero,1844,2026-04-04T23:30:00.000Z,2,0,7.06,69.0,0.0,0.0,,22.0,25.0,2.0,,,,2.0,33.0,3.0,8.0,,,3.0,3.0,0.0,,,0.0,1.0,,0.0,3.0,0.0,2.0,,2.0,2.0,0.0,0.0,,0.0
Cristhian Machado,249301,174398,1297060,San Antonio Bulo Bulo,False,"[{'title': 'Top stats', 'key': 'top_stats', 'stats': {'FotMob rating': {'key': 'rating_title', 'stat': {'value': 7.32, 'type': 'double'}}, 'Minutes played': {'key': 'minutes_played', 'stat': {'value': 80, 'type': 'integer'}}, 'Goals': {'key': 'goals', 'stat': {'value': 0, 'type': 'integer'}}, 'Assists': {'key': 'assists', 'stat': {'value': 0, 'type': 'integer'}}, 'Accurate passes': {'key': 'accurate_passes', 'stat': {'value': 21, 'total': 27, 'type': 'fractionWithPercentage'}}, 'Chances created': {'key': 'chances_created', 'stat': {'value': 1, 'type': 'integer'}}, 'Shotmap': {'key': None, 'stat': {'value': 0, 'type': 'boolean'}}, 'Defensive actions': {'key': 'defensive_actions', 'stat': {'value': 5, 'type': 'integer'}}}}, {'title': 'Attack', 'key': 'attack', 'stats': {'Touches': {'key': 'touches', 'stat': {'value': 35, 'type': 'integer'}}, 'Touches in opposition box': {'key': 'touches_opp_box', 'stat': {'value': 1, 'type': 'integer'}}, 'Passes into final third': {'key': 'passes_into_final_third', 'stat': {'value': 4, 'type': 'integer'}}, 'Accurate long balls': {'key': 'long_balls_accurate', 'stat': {'value': 2, 'total': 4, 'type': 'fractionWithPercentage'}}, 'Dispossessed': {'key': 'dispossessed', 'stat': {'value': 0, 'type': 'integer'}}}}, {'title': 'Defense', 'key': 'defense', 'stats': {'Defensive actions': {'key': 'defensive_actions', 'stat': {'value': 5, 'type': 'integer'}}, 'Tackles': {'key': 'matchstats.headers.tackles', 'stat': {'value': 4, 'type': 'integer'}}, 'Blocks': {'key': 'shot_blocks', 'stat': {'value': 0, 'type': 'integer'}}, 'Clearances': {'key': 'clearances', 'stat': {'value': 1, 'type': 'integer'}}, 'Interceptions': {'key': 'interceptions', 'stat': {'value': 0, 'type': 'integer'}}, 'Recoveries': {'key': 'recoveries', 'stat': {'value': 1, 'type': 'integer'}}, 'Dribbled past': {'key': 'dribbled_past', 'stat': {'value': 1, 'type': 'integer'}}}}, {'title': 'Duels', 'key': 'duels', 'stats': {'Ground duels won': {'key': 'ground_duels_won', 'stat': {'value': 6, 'total': 9, 'type': 'fractionWithPercentage'}}, 'Aerial duels won': {'key': 'aerials_won', 'stat': {'value': 0, 'total': 0, 'type': 'fractionWithPercentage'}}, 'Was fouled': {'key': 'was_fouled', 'stat': {'value': 2, 'type': 'integer'}}, 'Fouls committed': {'key': 'fouls', 'stat': {'value': 2, 'type': 'integer'}}, 'Duels won': {'key': 'duel_won', 'stat': {'value': 6, 'type': 'integer'}, 'hideInPopupCard': True}, 'Duels lost': {'key': 'duel_lost', 'stat': {'value': 3, 'type': 'integer'}, 'hideInPopupCard': True}}}]",15,77,2,1000010812,1,San Antonio Bulo Bulo,1297060,Oriente Petrolero,1844,2026-04-04T23:30:00.000Z,2,0,7.32,80.0,0.0,0.0,,21.0,27.0,1.0,,,,5.0,35.0,1.0,4.0,,,2.0,4.0,0.0,,,0.0,1.0,,0.0,1.0,1.0,6.0,3.0,6.0,9.0,0.0,0.0,2.0,2.0
Gilbert Álvarez,493800,62370,1844,Oriente Petrolero,False,"[{'title': 'Top stats', 'key': 'top_stats', 'stats': {'FotMob rating': {'key': 'rating_title', 'stat': {'value': 6.29, 'type': 'double'}}, 'Minutes played': {'key': 'minutes_played', 'stat': {'value': 90, 'type': 'integer'}}, 'Goals': {'key': 'goals', 'stat': {'value': 0, 'type': 'integer'}}, 'Assists': {'key': 'assists', 'stat': {'value': 0, 'type': 'integer'}}, 'Accurate passes': {'key': 'accurate_passes', 'stat': {'value': 9, 'total': 15, 'type': 'fractionWithPercentage'}}, 'Chances created': {'key': 'chances_created', 'stat': {'value': 0, 'type': 'integer'}}, 'Shots on target': {'key': 'ShotsOnTarget', 'stat': {'value': 0, 'type': 'integer'}}, 'Shots off target': {'key': 'ShotsOffTarget', 'stat': {'value': 4, 'type': 'integer'}}, 'Shot accuracy': {'key': 'shot_accuracy', 'stat': {'value': 0, 'total': 4, 'type': 'fractionWithPercentage'}}, 'Shotmap': {'key': None, 'stat': {'value': 1, 'type': 'boolean'}}, 'Defensive actions': {'key': 'defensive_actions', 'stat': {'value': 0, 'type': 'integer'}}}}, {'title': 'Attack', 'key': 'attack', 'stats': {'Touches': {'key': 'touches', 'stat': {'value': 21, 'type': 'integer'}}, 'Touches in opposition box': {'key': 'touches_opp_box', 'stat': {'value': 3, 'type': 'integer'}}, 'Successful dribbles': {'key': 'dribbles_succeeded', 'stat': {'value': 1, 'total': 1, 'type': 'fractionWithPercentage'}}, 'Accurate long balls': {'key': 'long_balls_accurate', 'stat': {'value': 1, 'total': 1, 'type': 'fractionWithPercentage'}}, 'Dispossessed': {'key': 'dispossessed', 'stat': {'value': 0, 'type': 'integer'}}}}, {'title': 'Defense', 'key': 'defense', 'stats': {'Defensive actions': {'key': 'defensive_actions', 'stat': {'value': 0, 'type': 'integer'}}, 'Tackles': {'key': 'matchstats.headers.tackles', 'stat': {'value': 0, 'type': 'integer'}}, 'Blocks': {'key': 'shot_blocks', 'stat': {'value': 0, 'type': 'integer'}}, 'Clearances': {'key': 'clearances', 'stat': {'value': 0, 'type': 'integer'}}, 'Interceptions': {'key': 'interceptions', 'stat': {'value': 0, 'type': 'integer'}}, 'Recoveries': {'key': 'recoveries', 'stat': {'value': 1, 'type': 'integer'}}, 'Dribbled past': {'key': 'dribbled_past', 'stat': {'value': 0, 'type': 'integer'}}}}, {'title': 'Duels', 'key': 'duels', 'stats': {'Ground duels won': {'key': 'ground_duels_won', 'stat': {'value': 1, 'total': 2, 'type': 'fractionWithPercentage'}}, 'Aerial duels won': {'key': 'aerials_won', 'stat': {'value': 1, 'total': 2, 'type': 'fractionWithPercentage'}}, 'Was fouled': {'key': 'was_fouled', 'stat': {'type': 'integer'}}, 'Fouls committed': {'key': 'fouls', 'stat': {'value': 1, 'type': 'integer'}}, 'Duels won': {'key': 'duel_won', 'stat': {'value': 2, 'type': 'integer'}, 'hideInPopupCard': True}, 'Duels lost': {'key': 'duel_lost', 'stat': {'value': 2, 'type': 'integer'}, 'hideInPopupCard': True}}}]",19,115,3,1000010812,1,San Antonio Bulo Bulo,1297060,Oriente Petrolero,1844,2026-04-04T23:30:00.000Z,2,0,6.29,90.0,0.0,0.0,,9.0,15.0,0.0,,,,0.0,21.0,3.0,,,,1.0,1.0,0.0,,,0.0,0.0,,0.0,1.0,0.0,2.0,2.0,1.0,2.0,1.0,2.0,,1.0
Yonathan Cabral,521211,179358,1297060,San Antonio Bulo Bulo,False,"[{'title': 'Top stats', 'key': 'top_stats', 'stats': {'FotMob rating': {'key': 'rating_title', 'stat': {'value': 7.56, 'type': 'double'}}, 'Minutes played': {'key': 'minutes_played', 'stat': {'value': 90, 'type': 'integer'}}, 'Goals': {'key': 'goals', 'stat': {'value': 0, 'type': 'integer'}}, 'Assists': {'key': 'assists', 'stat': {'value': 0, 'type': 'integer'}}, 'Accurate passes': {'key': 'accurate_passes', 'stat': {'value': 20, 'total': 27, 'type': 'fractionWithPercentage'}}, 'Chances created': {'key': 'chances_created', 'stat': {'value': 0, 'type': 'integer'}}, 'Shots on target': {'key': 'ShotsOnTarget', 'stat': {'value': 0, 'type': 'integer'}}, 'Shots off target': {'key': 'ShotsOffTarget', 'stat': {'value': 1, 'type': 'integer'}}, 'Shot accuracy': {'key': 'shot_accuracy', 'stat': {'value': 0, 'total': 1, 'type': 'fractionWithPercentage'}}, 'Shotmap': {'key': None, 'stat': {'value': 1, 'type': 'boolean'}}, 'Defensive actions': {'key': 'defensive_actions', 'stat': {'value': 9, 'type': 'integer'}}}}, {'title': 'Attack', 'key': 'attack', 'stats': {'Touches': {'key': 'touches', 'stat': {'value': 40, 'type': 'integer'}}, 'Touches in opposition box': {'key': 'touches_opp_box', 'stat': {'value': 1, 'type': 'integer'}}, 'Passes into final third': {'key': 'passes_into_final_third', 'stat': {'value': 9, 'type': 'integer'}}, 'Accurate long balls': {'key': 'long_balls_accurate', 'stat': {'value': 3, 'total': 9, 'type': 'fractionWithPercentage'}}, 'Dispossessed': {'key': 'dispossessed', 'stat': {'value': 0, 'type': 'integer'}}}}, {'title': 'Defense', 'key': 'defense', 'stats': {'Defensive actions': {'key': 'defensive_actions', 'stat': {'value': 9, 'type': 'integer'}}, 'Tackles': {'key': 'matchstats.headers.tackles', 'stat': {'value': 0, 'type': 'integer'}}, 'Blocks': {'key': 'shot_blocks', 'stat': {'value': 1, 'type': 'integer'}}, 'Clearances': {'key': 'clearances', 'stat': {'value': 4, 'type': 'integer'}}, 'Headed clearance': {'key': 'headed_clearance', 'stat': {'value': 2, 'type': 'integer'}}, 'Interceptions': {'key': 'interceptions', 'stat': {'value': 4, 'type': 'integer'}}, 'Recoveries': {'key': 'recoveries', 'stat': {'value': 6, 'type': 'integer'}}, 'Dribbled past': {'key': 'dribbled_past', 'stat': {'value': 0, 'type': 'integer'}}}}, {'title': 'Duels', 'key': 'duels', 'stats': {'Aerial duels won': {'key': 'aerials_won', 'stat': {'value': 1, 'total': 1, 'type': 'fractionWithPercentage'}}, 'Was fouled': {'key': 'was_fouled', 'stat': {'type': 'integer'}}, 'Fouls committed': {'key': 'fouls', 'stat': {'value': 0, 'type': 'integer'}}, 'Duels won': {'key': 'duel_won', 'stat': {'value': 1, 'type': 'integer'}, 'hideInPopupCard': True}}}]",3,34,1,1000010812,1,San Antonio Bulo Bulo,1297060,Oriente Petrolero,1844,2026-04-04T23:30:00.000Z,2,0,7.56,90.0,0.0,0.0,,20.0,27.0,0.0,,,,9.0,40.0,1.0,9.0,,,3.0,9.0,0.0,,,1.0,4.0,2.0,4.0,6.0,0.0,1.0,,,,1.0,1.0,,0.0
Kévin Soni,612405,203151,1844,Oriente Petrolero,False,[],10,,,1000010812,1,San Antonio Bulo Bulo,1297060,Oriente Petrolero,1844,2026-04-04T23:30:00.000Z,2,0,,,,,,,,,,,,,,,,,,,,,,,,,,,,,,,,,,,,
Leonardo Vaca,693940,201486,1844,Oriente Petrolero,False,"[{'title': 'Top stats', 'key': 'top_stats', 'stats': {'FotMob rating': {'key': 'rating_title', 'stat': {'value': 5.99, 'type': 'double'}}, 'Minutes played': {'key': 'minutes_played', 'stat': {'value': 45, 'type': 'integer'}}, 'Goals': {'key': 'goals', 'stat': {'value': 0, 'type': 'integer'}}, 'Assists': {'key': 'assists', 'stat': {'value': 0, 'type': 'integer'}}, 'Accurate passes': {'key': 'accurate_passes', 'stat': {'value': 3, 'total': 6, 'type': 'fractionWithPercentage'}}, 'Chances created': {'key': 'chances_created', 'stat': {'value': 1, 'type': 'integer'}}, 'Shots on target': {'key': 'ShotsOnTarget', 'stat': {'value': 0, 'type': 'integer'}}, 'Shots off target': {'key': 'ShotsOffTarget', 'stat': {'value': 1, 'type': 'integer'}}, 'Shot accuracy': {'key': 'shot_accuracy', 'stat': {'value': 0, 'total': 1, 'type': 'fractionWithPercentage'}}, 'Shotmap': {'key': None, 'stat': {'value': 1, 'type': 'boolean'}}, 'Defensive actions': {'key': 'defensive_actions', 'stat': {'value': 3, 'type': 'integer'}}}}, {'title': 'Attack', 'key': 'attack', 'stats': {'Touches': {'key': 'touches', 'stat': {'value': 21, 'type': 'integer'}}, 'Touches in opposition box': {'key': 'touches_opp_box', 'stat': {'value': 3, 'type': 'integer'}}, 'Successful dribbles': {'key': 'dribbles_succeeded', 'stat': {'value': 0, 'total': 2, 'type': 'fractionWithPercentage'}}, 'Passes into final third': {'key': 'passes_into_final_third', 'stat': {'value': 1, 'type': 'integer'}}, 'Accurate crosses': {'key': 'accurate_crosses', 'stat': {'value': 1, 'total': 3, 'type': 'fractionWithPercentage'}}, 'Dispossessed': {'key': 'dispossessed', 'stat': {'value': 1, 'type': 'integer'}}}}, {'title': 'Defense', 'key': 'defense', 'stats': {'Defensive actions': {'key': 'defensive_actions', 'stat': {'value': 3, 'type': 'integer'}}, 'Tackles': {'key': 'matchstats.headers.tackles', 'stat': {'value': 2, 'type': 'integer'}}, 'Blocks': {'key': 'shot_blocks', 'stat': {'value': 1, 'type': 'integer'}}, 'Clearances': {'key': 'clearances', 'stat': {'value': 0, 'type': 'integer'}}, 'Interceptions': {'key': 'interceptions', 'stat': {'value': 0, 'type': 'integer'}}, 'Recoveries': {'key': 'recoveries', 'stat': {'value': 1, 'type': 'integer'}}, 'Dribbled past': {'key': 'dribbled_past', 'stat': {'value': 0, 'type': 'integer'}}}}, {'title': 'Duels', 'key': 'duels', 'stats': {'Ground duels won': {'key': 'ground_duels_won', 'stat': {'value': 3, 'total': 6, 'type': 'fractionWithPercentage'}}, 'Aerial duels won': {'key': 'aerials_won', 'stat': {'value': 1, 'total': 4, 'type': 'fractionWithPercentage'}}, 'Was fouled': {'key': 'was_fouled', 'stat': {'value': 1, 'type': 'integer'}}, 'Fouls committed': {'key': 'fouls', 'stat': {'value': 0, 'type': 'integer'}}, 'Duels won': {'key': 'duel_won', 'stat': {'value': 4, 'type': 'integer'}, 'hideInPopupCard': True}, 'Duels lost': {'key': 'duel_lost', 'stat': {'value': 6, 'type': 'integer'}, 'hideInPopupCard': True}}}]",11,,,1000010812,1,San Antonio Bulo Bulo,1297060,Oriente Petrolero,1844,2026-04-04T23:30:00.000Z,2,0,5.99,45.0,0.0,0.0,,3.0,6.0,1.0,,,,3.0,21.0,3.0,1.0,1.0,3.0,,,1.0,,,1.0,0.0,,0.0,1.0,0.0,4.0,6.0,3.0,6.0,1.0,4.0,1.0,0.0
Jorge Lovera,798677,232331,1844,Oriente Petrolero,False,"[{'title': 'Top stats', 'key': 'top_stats', 'stats': {'FotMob rating': {'key': 'rating_title', 'stat': {'value': 6.17, 'type': 'double'}}, 'Minutes played': {'key': 'minutes_played', 'stat': {'value': 45, 'type': 'integer'}}, 'Goals': {'key': 'goals', 'stat': {'value': 0, 'type': 'integer'}}, 'Assists': {'key': 'assists', 'stat': {'value': 0, 'type': 'integer'}}, 'Accurate passes': {'key': 'accurate_passes', 'stat': {'value': 22, 'total': 26, 'type': 'fractionWithPercentage'}}, 'Chances created': {'key': 'chances_created', 'stat': {'value': 2, 'type': 'integer'}}, 'Shots on target': {'key': 'ShotsOnTarget', 'stat': {'value': 0, 'type': 'integer'}}, 'Shots off target': {'key': 'ShotsOffTarget', 'stat': {'value': 1, 'type': 'integer'}}, 'Shot accuracy': {'key': 'shot_accuracy', 'stat': {'value': 0, 'total': 1, 'type': 'fractionWithPercentage'}}, 'Shotmap': {'key': None, 'stat': {'value': 1, 'type': 'boolean'}}, 'Defensive actions': {'key': 'defensive_actions', 'stat': {'value': 1, 'type': 'integer'}}}}, {'title': 'Attack', 'key': 'attack', 'stats': {'Touches': {'key': 'touches', 'stat': {'value': 33, 'type': 'integer'}}, 'Touches in opposition box': {'key': 'touches_opp_box', 'stat': {'value': 0, 'type': 'integer'}}, 'Passes into final third': {'key': 'passes_into_final_third', 'stat': {'value': 3, 'type': 'integer'}}, 'Accurate crosses': {'key': 'accurate_crosses', 'stat': {'value': 1, 'total': 2, 'type': 'fractionWithPercentage'}}, 'Accurate long balls': {'key': 'long_balls_accurate', 'stat': {'value': 3, 'total': 6, 'type': 'fractionWithPercentage'}}, 'Corners': {'key': 'corners', 'stat': {'value': 2, 'type': 'integer'}}, 'Dispossessed': {'key': 'dispossessed', 'stat': {'value': 2, 'type': 'integer'}}}}, {'title': 'Defense', 'key': 'defense', 'stats': {'Defensive actions': {'key': 'defensive_actions', 'stat': {'value': 1, 'type': 'integer'}}, 'Tackles': {'key': 'matchstats.headers.tackles', 'stat': {'value': 1, 'type': 'integer'}}, 'Blocks': {'key': 'shot_blocks', 'stat': {'value': 0, 'type': 'integer'}}, 'Clearances': {'key': 'clearances', 'stat': {'value': 0, 'type': 'integer'}}, 'Interceptions': {'key': 'interceptions', 'stat': {'value': 0, 'type': 'integer'}}, 'Recoveries': {'key': 'recoveries', 'stat': {'value': 3, 'type': 'integer'}}, 'Dribbled past': {'key': 'dribbled_past', 'stat': {'value': 0, 'type': 'integer'}}}}, {'title': 'Duels', 'key': 'duels', 'stats': {'Ground duels won': {'key': 'ground_duels_won', 'stat': {'value': 1, 'total': 3, 'type': 'fractionWithPercentage'}}, 'Aerial duels won': {'key': 'aerials_won', 'stat': {'value': 0, 'total': 0, 'type': 'fractionWithPercentage'}}, 'Was fouled': {'key': 'was_fouled', 'stat': {'type': 'integer'}}, 'Fouls committed': {'key': 'fouls', 'stat': {'value': 0, 'type': 'integer'}}, 'Duels won': {'key': 'duel_won', 'stat': {'value': 1, 'type': 'integer'}, 'hideInPopupCard': True}, 'Duels lost': {'key': 'duel_lost', 'stat': {'value': 2, 'type': 'integer'}, 'hideInPopupCard': True}}}]",20,,,1000010812,1,San Antonio Bulo Bulo,1297060,Oriente Petrolero,1844,2026-04-04T23:30:00.000Z,2,0,6.17,45.0,0.0,0.0,,22.0,26.0,2.0,,,,1.0,33.0,0.0,3.0,1.0,2.0,3.0,6.0,2.0,,,0.0,0.0,,0.0,3.0,0.0,1.0,2.0,1.0,3.0,0.0,0.0,,0.0
Saulo Guerra,876461,229412,1297060,San Antonio Bulo Bulo,False,[],17,,,1000010812,1,San Antonio Bulo Bulo,1297060,Oriente Petrolero,1844,2026-04-04T23:30:00.000Z,2,0,,,,,,,,,,,,,,,,,,,,,,,,,,,,,,,,,,,,
Jordán Santacruz,892813,245520,1844,Oriente Petrolero,False,"[{'title': 'Top stats', 'key': 'top_stats', 'stats': {'FotMob rating': {'key': 'rating_title', 'stat': {'value': 6.48, 'type': 'double'}}, 'Minutes played': {'key': 'minutes_played', 'stat': {'value': 45, 'type': 'integer'}}, 'Goals': {'key': 'goals', 'stat': {'value': 0, 'type': 'integer'}}, 'Assists': {'key': 'assists', 'stat': {'value': 0, 'type': 'integer'}}, 'Accurate passes': {'key': 'accurate_passes', 'stat': {'value': 16, 'total': 24, 'type': 'fractionWithPercentage'}}, 'Chances created': {'key': 'chances_created', 'stat': {'value': 0, 'type': 'integer'}}, 'Shots on target': {'key': 'ShotsOnTarget', 'stat': {'value': 0, 'type': 'integer'}}, 'Shots off target': {'key': 'ShotsOffTarget', 'stat': {'value': 0, 'type': 'integer'}}, 'Blocked shots': {'key': 'blocked_shots', 'stat': {'value': 1, 'type': 'integer'}}, 'Shotmap': {'key': None, 'stat': {'value': 1, 'type': 'boolean'}}, 'Defensive actions': {'key': 'defensive_actions', 'stat': {'value': 0, 'type': 'integer'}}}}, {'title': 'Attack', 'key': 'attack', 'stats': {'Touches': {'key': 'touches', 'stat': {'value': 28, 'type': 'integer'}}, 'Touches in opposition box': {'key': 'touches_opp_box', 'stat': {'value': 0, 'type': 'integer'}}, 'Successful dribbles': {'key': 'dribbles_succeeded', 'stat': {'value': 1, 'total': 1, 'type': 'fractionWithPercentage'}}, 'Passes into final third': {'key': 'passes_into_final_third', 'stat': {'value': 7, 'type': 'integer'}}, 'Accurate long balls': {'key': 'long_balls_accurate', 'stat': {'value': 3, 'total': 5, 'type': 'fractionWithPercentage'}}, 'Dispossessed': {'key': 'dispossessed', 'stat': {'value': 0, 'type': 'integer'}}}}, {'title': 'Defense', 'key': 'defense', 'stats': {'Defensive actions': {'key': 'defensive_actions', 'stat': {'value': 0, 'type': 'integer'}}, 'Tackles': {'key': 'matchstats.headers.tackles', 'stat': {'value': 0, 'type': 'integer'}}, 'Blocks': {'key': 'shot_blocks', 'stat': {'value': 0, 'type': 'integer'}}, 'Clearances': {'key': 'clearances', 'stat': {'value': 0, 'type': 'integer'}}, 'Interceptions': {'key': 'interceptions', 'stat': {'value': 0, 'type': 'integer'}}, 'Recoveries': {'key': 'recoveries', 'stat': {'value': 2, 'type': 'integer'}}, 'Dribbled past': {'key': 'dribbled_past', 'stat': {'value': 2, 'type': 'integer'}}}}, {'title': 'Duels', 'key': 'duels', 'stats': {'Ground duels won': {'key': 'ground_duels_won', 'stat': {'value': 2, 'total': 4, 'type': 'fractionWithPercentage'}}, 'Aerial duels won': {'key': 'aerials_won', 'stat': {'value': 2, 'total': 2, 'type': 'fractionWithPercentage'}}, 'Was fouled': {'key': 'was_fouled', 'stat': {'value': 1, 'type': 'integer'}}, 'Fouls committed': {'key': 'fouls', 'stat': {'value': 0, 'type': 'integer'}}, 'Duels won': {'key': 'duel_won', 'stat': {'value': 4, 'type': 'integer'}, 'hideInPopupCard': True}, 'Duels lost': {'key': 'duel_lost', 'stat': {'value': 2, 'type': 'integer'}, 'hideInPopupCard': True}}}]",6,65,2,1000010812,1,San Antonio Bulo Bulo,1297060,Oriente Petrolero,1844,2026-04-04T23:30:00.000Z,2,0,6.48,45.0,0.0,0.0,,16.0,24.0,0.0,,,,0.0,28.0,0.0,7.0,,,3.0,5.0,0.0,,,0.0,0.0,,0.0,2.0,2.0,4.0,2.0,2.0,4.0,2.0,2.0,1.0,0.0
Dico Roca,921021,246302,1844,Oriente Petrolero,False,"[{'title': 'Top stats', 'key': 'top_stats', 'stats': {'FotMob rating': {'key': 'rating_title', 'stat': {'value': 6.86, 'type': 'double'}}, 'Minutes played': {'key': 'minutes_played', 'stat': {'value': 45, 'type': 'integer'}}, 'Goals': {'key': 'goals', 'stat': {'value': 0, 'type': 'integer'}}, 'Assists': {'key': 'assists', 'stat': {'value': 0, 'type': 'integer'}}, 'Accurate passes': {'key': 'accurate_passes', 'stat': {'value': 5, 'total': 12, 'type': 'fractionWithPercentage'}}, 'Chances created': {'key': 'chances_created', 'stat': {'value': 0, 'type': 'integer'}}, 'Shotmap': {'key': None, 'stat': {'value': 0, 'type': 'boolean'}}, 'Defensive actions': {'key': 'defensive_actions', 'stat': {'value': 10, 'type': 'integer'}}}}, {'title': 'Attack', 'key': 'attack', 'stats': {'Touches': {'key': 'touches', 'stat': {'value': 40, 'type': 'integer'}}, 'Touches in opposition box': {'key': 'touches_opp_box', 'stat': {'value': 0, 'type': 'integer'}}, 'Passes into final third': {'key': 'passes_into_final_third', 'stat': {'value': 6, 'type': 'integer'}}, 'Accurate crosses': {'key': 'accurate_crosses', 'stat': {'value': 0, 'total': 3, 'type': 'fractionWithPercentage'}}, 'Accurate long balls': {'key': 'long_balls_accurate', 'stat': {'value': 2, 'total': 6, 'type': 'fractionWithPercentage'}}, 'Corners': {'key': 'corners', 'stat': {'value': 1, 'type': 'integer'}}, 'Dispossessed': {'key': 'dispossessed', 'stat': {'value': 0, 'type': 'integer'}}}}, {'title': 'Defense', 'key': 'defense', 'stats': {'Defensive actions': {'key': 'defensive_actions', 'stat': {'value': 10, 'type': 'integer'}}, 'Tackles': {'key': 'matchstats.headers.tackles', 'stat': {'value': 1, 'type': 'integer'}}, 'Blocks': {'key': 'shot_blocks', 'stat': {'value': 0, 'type': 'integer'}}, 'Clearances': {'key': 'clearances', 'stat': {'value': 7, 'type': 'integer'}}, 'Headed clearance': {'key': 'headed_clearance', 'stat': {'value': 2, 'type': 'integer'}}, 'Interceptions': {'key': 'interceptions', 'stat': {'value': 2, 'type': 'integer'}}, 'Recoveries': {'key': 'recoveries', 'stat': {'value': 2, 'type': 'integer'}}, 'Dribbled past': {'key': 'dribbled_past', 'stat': {'value': 0, 'type': 'integer'}}}}, {'title': 'Duels', 'key': 'duels', 'stats': {'Ground duels won': {'key': 'ground_duels_won', 'stat': {'value': 2, 'total': 2, 'type': 'fractionWithPercentage'}}, 'Aerial duels won': {'key': 'aerials_won', 'stat': {'value': 1, 'total': 1, 'type': 'fractionWithPercentage'}}, 'Was fouled': {'key': 'was_fouled', 'stat': {'value': 1, 'type': 'integer'}}, 'Fouls committed': {'key': 'fouls', 'stat': {'value': 0, 'type': 'integer'}}, 'Duels won': {'key': 'duel_won', 'stat': {'value': 3, 'type': 'integer'}, 'hideInPopupCard': True}}}]",42,32,1,1000010812,1,San Antonio Bulo Bulo,1297060,Oriente Petrolero,1844,2026-04-04T23:30:00.000Z,2,0,6.86,45.0,0.0,0.0,,5.0,12.0,0.0,,,,10.0,40.0,0.0,6.0,0.0,3.0,2.0,6.0,0.0,,,0.0,7.0,2.0,2.0,2.0,0.0,3.0,,2.0,2.0,1.0,1.0,1.0,0.0
Julio Herrera,921026,444660,1297060,San Antonio Bulo Bulo,False,"[{'title': 'Top stats', 'key': 'top_stats', 'stats': {'FotMob rating': {'key': 'rating_title', 'stat': {'value': 8.3, 'type': 'double'}}, 'Minutes played': {'key': 'minutes_played', 'stat': {'value': 64, 'type': 'integer'}}, 'Goals': {'key': 'goals', 'stat': {'value': 0, 'type': 'integer'}}, 'Assists': {'key': 'assists', 'stat': {'value': 0, 'type': 'integer'}}, 'Accurate passes': {'key': 'accurate_passes', 'stat': {'value': 14, 'total': 18, 'type': 'fractionWithPercentage'}}, 'Chances created': {'key': 'chances_created', 'stat': {'value': 4, 'type': 'integer'}}, 'Shots on target': {'key': 'ShotsOnTarget', 'stat': {'value': 2, 'type': 'integer'}}, 'Shots off target': {'key': 'ShotsOffTarget', 'stat': {'value': 2, 'type': 'integer'}}, 'Shot accuracy': {'key': 'shot_accuracy', 'stat': {'value': 2, 'total': 4, 'type': 'fractionWithPercentage'}}, 'Shotmap': {'key': None, 'stat': {'value': 1, 'type': 'boolean'}}, 'Defensive actions': {'key': 'defensive_actions', 'stat': {'value': 5, 'type': 'integer'}}}}, {'title': 'Attack', 'key': 'attack', 'stats': {'Touches': {'key': 'touches', 'stat': {'value': 36, 'type': 'integer'}}, 'Touches in opposition box': {'key': 'touches_opp_box', 'stat': {'value': 3, 'type': 'integer'}}, 'Successful dribbles': {'key': 'dribbles_succeeded', 'stat': {'value': 2, 'total': 4, 'type': 'fractionWithPercentage'}}, 'Passes into final third': {'key': 'passes_into_final_third', 'stat': {'value': 6, 'type': 'integer'}}, 'Accurate crosses': {'key': 'accurate_crosses', 'stat': {'value': 1, 'total': 2, 'type': 'fractionWithPercentage'}}, 'Accurate long balls': {'key': 'long_balls_accurate', 'stat': {'value': 3, 'total': 5, 'type': 'fractionWithPercentage'}}, 'Dispossessed': {'key': 'dispossessed', 'stat': {'value': 0, 'type': 'integer'}}}}, {'title': 'Defense', 'key': 'defense', 'stats': {'Defensive actions': {'key': 'defensive_actions', 'stat': {'value': 5, 'type': 'integer'}}, 'Tackles': {'key': 'matchstats.headers.tackles', 'stat': {'value': 1, 'type': 'integer'}}, 'Blocks': {'key': 'shot_blocks', 'stat': {'value': 0, 'type': 'integer'}}, 'Clearances': {'key': 'clearances', 'stat': {'value': 2, 'type': 'integer'}}, 'Headed clearance': {'key': 'headed_clearance', 'stat': {'value': 1, 'type': 'integer'}}, 'Interceptions': {'key': 'interceptions', 'stat': {'value': 2, 'type': 'integer'}}, 'Recoveries': {'key': 'recoveries', 'stat': {'value': 5, 'type': 'integer'}}, 'Dribbled past': {'key': 'dribbled_past', 'stat': {'value': 0, 'type': 'integer'}}}}, {'title': 'Duels', 'key': 'duels', 'stats': {'Ground duels won': {'key': 'ground_duels_won', 'stat': {'value': 3, 'total': 5, 'type': 'fractionWithPercentage'}}, 'Aerial duels won': {'key': 'aerials_won', 'stat': {'value': 0, 'total': 0, 'type': 'fractionWithPercentage'}}, 'Was fouled': {'key': 'was_fouled', 'stat': {'type': 'integer'}}, 'Fouls committed': {'key': 'fouls', 'stat': {'value': 0, 'type': 'integer'}}, 'Duels won': {'key': 'duel_won', 'stat': {'value': 3, 'type': 'integer'}, 'hideInPopupCard': True}, 'Duels lost': {'key': 'duel_lost', 'stat': {'value': 2, 'type': 'integer'}, 'hideInPopupCard': True}}}]",7,73,2,1000010812,1,San Antonio Bulo Bulo,1297060,Oriente Petrolero,1844,2026-04-04T23:30:00.000Z,2,0,8.3,64.0,0.0,0.0,,14.0,18.0,4.0,,,,5.0,36.0,3.0,6.0,1.0,2.0,3.0,5.0,0.0,,,0.0,2.0,1.0,2.0,5.0,0.0,3.0,2.0,3.0,5.0,0.0,0.0,,0.0
Mirko Tomianovic,1082391,483115,1844,Oriente Petrolero,False,"[{'title': 'Top stats', 'key': 'top_stats', 'stats': {'FotMob rating': {'key': 'rating_title', 'stat': {'value': 6.63, 'type': 'double'}}, 'Minutes played': {'key': 'minutes_played', 'stat': {'value': 90, 'type': 'integer'}}, 'Goals': {'key': 'goals', 'stat': {'value': 0, 'type': 'integer'}}, 'Assists': {'key': 'assists', 'stat': {'value': 0, 'type': 'integer'}}, 'Accurate passes': {'key': 'accurate_passes', 'stat': {'value': 27, 'total': 33, 'type': 'fractionWithPercentage'}}, 'Chances created': {'key': 'chances_created', 'stat': {'value': 2, 'type': 'integer'}}, 'Shots on target': {'key': 'ShotsOnTarget', 'stat': {'value': 0, 'type': 'integer'}}, 'Shots off target': {'key': 'ShotsOffTarget', 'stat': {'value': 0, 'type': 'integer'}}, 'Blocked shots': {'key': 'blocked_shots', 'stat': {'value': 2, 'type': 'integer'}}, 'Shotmap': {'key': None, 'stat': {'value': 1, 'type': 'boolean'}}, 'Defensive actions': {'key': 'defensive_actions', 'stat': {'value': 2, 'type': 'integer'}}}}, {'title': 'Attack', 'key': 'attack', 'stats': {'Touches': {'key': 'touches', 'stat': {'value': 55, 'type': 'integer'}}, 'Touches in opposition box': {'key': 'touches_opp_box', 'stat': {'value': 5, 'type': 'integer'}}, 'Successful dribbles': {'key': 'dribbles_succeeded', 'stat': {'value': 1, 'total': 3, 'type': 'fractionWithPercentage'}}, 'Passes into final third': {'key': 'passes_into_final_third', 'stat': {'value': 4, 'type': 'integer'}}, 'Accurate crosses': {'key': 'accurate_crosses', 'stat': {'value': 0, 'total': 3, 'type': 'fractionWithPercentage'}}, 'Accurate long balls': {'key': 'long_balls_accurate', 'stat': {'value': 0, 'total': 1, 'type': 'fractionWithPercentage'}}, 'Dispossessed': {'key': 'dispossessed', 'stat': {'value': 2, 'type': 'integer'}}}}, {'title': 'Defense', 'key': 'defense', 'stats': {'Defensive actions': {'key': 'defensive_actions', 'stat': {'value': 2, 'type': 'integer'}}, 'Tackles': {'key': 'matchstats.headers.tackles', 'stat': {'value': 1, 'type': 'integer'}}, 'Blocks': {'key': 'shot_blocks', 'stat': {'value': 0, 'type': 'integer'}}, 'Clearances': {'key': 'clearances', 'stat': {'value': 0, 'type': 'integer'}}, 'Interceptions': {'key': 'interceptions', 'stat': {'value': 1, 'type': 'integer'}}, 'Recoveries': {'key': 'recoveries', 'stat': {'value': 5, 'type': 'integer'}}, 'Dribbled past': {'key': 'dribbled_past', 'stat': {'value': 0, 'type': 'integer'}}}}, {'title': 'Duels', 'key': 'duels', 'stats': {'Ground duels won': {'key': 'ground_duels_won', 'stat': {'value': 5, 'total': 10, 'type': 'fractionWithPercentage'}}, 'Aerial duels won': {'key': 'aerials_won', 'stat': {'value': 0, 'total': 0, 'type': 'fractionWithPercentage'}}, 'Was fouled': {'key': 'was_fouled', 'stat': {'value': 3, 'type': 'integer'}}, 'Fouls committed': {'key': 'fouls', 'stat': {'value': 1, 'type': 'integer'}}, 'Duels won': {'key': 'duel_won', 'stat': {'value': 5, 'type': 'integer'}, 'hideInPopupCard': True}, 'Duels lost': {'key': 'duel_lost', 'stat': {'value': 5, 'type': 'integer'}, 'hideInPopupCard': True}}}]",17,82,3,1000010812,1,San Antonio Bulo Bulo,1297060,Oriente Petrolero,1844,2026-04-04T23:30:00.000Z,2,0,6.63,90.0,0.0,0.0,,27.0,33.0,2.0,,,,2.0,55.0,5.0,4.0,0.0,3.0,0.0,1.0,2.0,,,0.0,0.0,,1.0,5.0,0.0,5.0,5.0,5.0,10.0,0.0,0.0,3.0,1.0
Jaime Villamíl,1087604,232493,1297060,San Antonio Bulo Bulo,False,[],30,,,1000010812,1,San Antonio Bulo Bulo,1297060,Oriente Petrolero,1844,2026-04-04T23:30:00.000Z,2,0,,,,,,,,,,,,,,,,,,,,,,,,,,,,,,,,,,,,
Andrés Córdoba,1130734,624829,1297060,San Antonio Bulo Bulo,False,"[{'title': 'Top stats', 'key': 'top_stats', 'stats': {'FotMob rating': {'key': 'rating_title', 'stat': {'value': 8.02, 'type': 'double'}}, 'Minutes played': {'key': 'minutes_played', 'stat': {'value': 80, 'type': 'integer'}}, 'Goals': {'key': 'goals', 'stat': {'value': 1, 'type': 'integer'}}, 'Assists': {'key': 'assists', 'stat': {'value': 0, 'type': 'integer'}}, 'Accurate passes': {'key': 'accurate_passes', 'stat': {'value': 15, 'total': 19, 'type': 'fractionWithPercentage'}}, 'Chances created': {'key': 'chances_created', 'stat': {'value': 1, 'type': 'integer'}}, 'Shots on target': {'key': 'ShotsOnTarget', 'stat': {'value': 2, 'type': 'integer'}}, 'Shots off target': {'key': 'ShotsOffTarget', 'stat': {'value': 4, 'type': 'integer'}}, 'Shot accuracy': {'key': 'shot_accuracy', 'stat': {'value': 2, 'total': 6, 'type': 'fractionWithPercentage'}}, 'Shotmap': {'key': None, 'stat': {'value': 1, 'type': 'boolean'}}, 'Defensive actions': {'key': 'defensive_actions', 'stat': {'value': 2, 'type': 'integer'}}}}, {'title': 'Attack', 'key': 'attack', 'stats': {'Touches': {'key': 'touches', 'stat': {'value': 33, 'type': 'integer'}}, 'Touches in opposition box': {'key': 'touches_opp_box', 'stat': {'value': 4, 'type': 'integer'}}, 'Successful dribbles': {'key': 'dribbles_succeeded', 'stat': {'value': 0, 'total': 1, 'type': 'fractionWithPercentage'}}, 'Passes into final third': {'key': 'passes_into_final_third', 'stat': {'value': 2, 'type': 'integer'}}, 'Accurate crosses': {'key': 'accurate_crosses', 'stat': {'value': 0, 'total': 2, 'type': 'fractionWithPercentage'}}, 'Accurate long balls': {'key': 'long_balls_accurate', 'stat': {'value': 3, 'total': 3, 'type': 'fractionWithPercentage'}}, 'Dispossessed': {'key': 'dispossessed', 'stat': {'value': 0, 'type': 'integer'}}}}, {'title': 'Defense', 'key': 'defense', 'stats': {'Defensive actions': {'key': 'defensive_actions', 'stat': {'value': 2, 'type': 'integer'}}, 'Tackles': {'key': 'matchstats.headers.tackles', 'stat': {'value': 2, 'type': 'integer'}}, 'Blocks': {'key': 'shot_blocks', 'stat': {'value': 0, 'type': 'integer'}}, 'Clearances': {'key': 'clearances', 'stat': {'value': 0, 'type': 'integer'}}, 'Interceptions': {'key': 'interceptions', 'stat': {'value': 0, 'type': 'integer'}}, 'Recoveries': {'key': 'recoveries', 'stat': {'value': 2, 'type': 'integer'}}, 'Dribbled past': {'key': 'dribbled_past', 'stat': {'value': 1, 'type': 'integer'}}}}, {'title': 'Duels', 'key': 'duels', 'stats': {'Ground duels won': {'key': 'ground_duels_won', 'stat': {'value': 2, 'total': 4, 'type': 'fractionWithPercentage'}}, 'Aerial duels won': {'key': 'aerials_won', 'stat': {'value': 0, 'total': 2, 'type': 'fractionWithPercentage'}}, 'Was fouled': {'key': 'was_fouled', 'stat': {'type': 'integer'}}, 'Fouls committed': {'key': 'fouls', 'stat': {'value': 0, 'type': 'integer'}}, 'Duels won': {'key': 'duel_won', 'stat': {'value': 2, 'type': 'integer'}, 'hideInPopupCard': True}, 'Duels lost': {'key': 'duel_lost', 'stat': {'value': 4, 'type': 'integer'}, 'hideInPopupCard': True}}}]",11,107,3,1000010812,1,San Antonio Bulo Bulo,1297060,Oriente Petrolero,1844,2026-04-04T23:30:00.000Z,2,0,8.02,80.0,1.0,0.0,,15.0,19.0,1.0,,,,2.0,33.0,4.0,2.0,0.0,2.0,3.0,3.0,0.0,,,0.0,0.0,,0.0,2.0,1.0,2.0,4.0,2.0,4.0,0.0,2.0,,0.0
Lucas Galarza,1248638,475447,1297060,San Antonio Bulo Bulo,False,[],22,,,1000010812,1,San Antonio Bulo Bulo,1297060,Oriente Petrolero,1844,2026-04-04T23:30:00.000Z,2,0,,,,,,,,,,,,,,,,,,,,,,,,,,,,,,,,,,,,
José Flores,1249667,480029,1844,Oriente Petrolero,False,"[{'title': 'Top stats', 'key': 'top_stats', 'stats': {'FotMob rating': {'key': 'rating_title', 'stat': {'value': 5.94, 'type': 'double'}}, 'Minutes played': {'key': 'minutes_played', 'stat': {'value': 45, 'type': 'integer'}}, 'Goals': {'key': 'goals', 'stat': {'value': 0, 'type': 'integer'}}, 'Assists': {'key': 'assists', 'stat': {'value': 0, 'type': 'integer'}}, 'Accurate passes': {'key': 'accurate_passes', 'stat': {'value': 17, 'total': 18, 'type': 'fractionWithPercentage'}}, 'Chances created': {'key': 'chances_created', 'stat': {'value': 0, 'type': 'integer'}}, 'Shotmap': {'key': None, 'stat': {'value': 0, 'type': 'boolean'}}, 'Defensive actions': {'key': 'defensive_actions', 'stat': {'value': 1, 'type': 'integer'}}}}, {'title': 'Attack', 'key': 'attack', 'stats': {'Touches': {'key': 'touches', 'stat': {'value': 26, 'type': 'integer'}}, 'Touches in opposition box': {'key': 'touches_opp_box', 'stat': {'value': 3, 'type': 'integer'}}, 'Successful dribbles': {'key': 'dribbles_succeeded', 'stat': {'value': 1, 'total': 4, 'type': 'fractionWithPercentage'}}, 'Passes into final third': {'key': 'passes_into_final_third', 'stat': {'value': 5, 'type': 'integer'}}, 'Accurate long balls': {'key': 'long_balls_accurate', 'stat': {'value': 1, 'total': 1, 'type': 'fractionWithPercentage'}}, 'Dispossessed': {'key': 'dispossessed', 'stat': {'value': 1, 'type': 'integer'}}}}, {'title': 'Defense', 'key': 'defense', 'stats': {'Defensive actions': {'key': 'defensive_actions', 'stat': {'value': 1, 'type': 'integer'}}, 'Tackles': {'key': 'matchstats.headers.tackles', 'stat': {'value': 1, 'type': 'integer'}}, 'Blocks': {'key': 'shot_blocks', 'stat': {'value': 0, 'type': 'integer'}}, 'Clearances': {'key': 'clearances', 'stat': {'value': 0, 'type': 'integer'}}, 'Interceptions': {'key': 'interceptions', 'stat': {'value': 0, 'type': 'integer'}}, 'Recoveries': {'key': 'recoveries', 'stat': {'value': 1, 'type': 'integer'}}, 'Dribbled past': {'key': 'dribbled_past', 'stat': {'value': 0, 'type': 'integer'}}}}, {'title': 'Duels', 'key': 'duels', 'stats': {'Ground duels won': {'key': 'ground_duels_won', 'stat': {'value': 2, 'total': 6, 'type': 'fractionWithPercentage'}}, 'Aerial duels won': {'key': 'aerials_won', 'stat': {'value': 0, 'total': 0, 'type': 'fractionWithPercentage'}}, 'Was fouled': {'key': 'was_fouled', 'stat': {'type': 'integer'}}, 'Fouls committed': {'key': 'fouls', 'stat': {'value': 0, 'type': 'integer'}}, 'Duels won': {'key': 'duel_won', 'stat': {'value': 2, 'type': 'integer'}, 'hideInPopupCard': True}, 'Duels lost': {'key': 'duel_lost', 'stat': {'value': 4, 'type': 'integer'}, 'hideInPopupCard': True}}}]",7,84,2,1000010812,1,San Antonio Bulo Bulo,1297060,Oriente Petrolero,1844,2026-04-04T23:30:00.000Z,2,0,5.94,45.0,0.0,0.0,,17.0,18.0,0.0,,,,1.0,26.0,3.0,5.0,,,1.0,1.0,1.0,,,0.0,0.0,,0.0,1.0,0.0,2.0,4.0,2.0,6.0,0.0,0.0,,0.0
Adalid Terrazas,1284207,460419,1297060,San Antonio Bulo Bulo,False,"[{'title': 'Top stats', 'key': 'top_stats', 'stats': {'FotMob rating': {'key': 'rating_title', 'stat': {'value': 9.07, 'type': 'double'}}, 'Minutes played': {'key': 'minutes_played', 'stat': {'value': 90, 'type': 'integer'}}, 'Goals': {'key': 'goals', 'stat': {'value': 0, 'type': 'integer'}}, 'Assists': {'key': 'assists', 'stat': {'value': 2, 'type': 'integer'}}, 'Accurate passes': {'key': 'accurate_passes', 'stat': {'value': 41, 'total': 49, 'type': 'fractionWithPercentage'}}, 'Chances created': {'key': 'chances_created', 'stat': {'value': 5, 'type': 'integer'}}, 'Shots on target': {'key': 'ShotsOnTarget', 'stat': {'value': 2, 'type': 'integer'}}, 'Shots off target': {'key': 'ShotsOffTarget', 'stat': {'value': 2, 'type': 'integer'}}, 'Blocked shots': {'key': 'blocked_shots', 'stat': {'value': 3, 'type': 'integer'}}, 'Shot accuracy': {'key': 'shot_accuracy', 'stat': {'value': 2, 'total': 4, 'type': 'fractionWithPercentage'}}, 'Shotmap': {'key': None, 'stat': {'value': 1, 'type': 'boolean'}}, 'Defensive actions': {'key': 'defensive_actions', 'stat': {'value': 3, 'type': 'integer'}}}}, {'title': 'Attack', 'key': 'attack', 'stats': {'Touches': {'key': 'touches', 'stat': {'value': 70, 'type': 'integer'}}, 'Touches in opposition box': {'key': 'touches_opp_box', 'stat': {'value': 4, 'type': 'integer'}}, 'Successful dribbles': {'key': 'dribbles_succeeded', 'stat': {'value': 1, 'total': 2, 'type': 'fractionWithPercentage'}}, 'Passes into final third': {'key': 'passes_into_final_third', 'stat': {'value': 11, 'type': 'integer'}}, 'Accurate crosses': {'key': 'accurate_crosses', 'stat': {'value': 2, 'total': 4, 'type': 'fractionWithPercentage'}}, 'Accurate long balls': {'key': 'long_balls_accurate', 'stat': {'value': 4, 'total': 8, 'type': 'fractionWithPercentage'}}, 'Corners': {'key': 'corners', 'stat': {'value': 4, 'type': 'integer'}}, 'Dispossessed': {'key': 'dispossessed', 'stat': {'value': 0, 'type': 'integer'}}, 'Offsides': {'key': 'Offsides', 'stat': {'value': 1, 'type': 'integer'}}}}, {'title': 'Defense', 'key': 'defense', 'stats': {'Defensive actions': {'key': 'defensive_actions', 'stat': {'value': 3, 'type': 'integer'}}, 'Tackles': {'key': 'matchstats.headers.tackles', 'stat': {'value': 3, 'type': 'integer'}}, 'Blocks': {'key': 'shot_blocks', 'stat': {'value': 0, 'type': 'integer'}}, 'Clearances': {'key': 'clearances', 'stat': {'value': 0, 'type': 'integer'}}, 'Interceptions': {'key': 'interceptions', 'stat': {'value': 0, 'type': 'integer'}}, 'Recoveries': {'key': 'recoveries', 'stat': {'value': 7, 'type': 'integer'}}, 'Dribbled past': {'key': 'dribbled_past', 'stat': {'value': 5, 'type': 'integer'}}}}, {'title': 'Duels', 'key': 'duels', 'stats': {'Ground duels won': {'key': 'ground_duels_won', 'stat': {'value': 4, 'total': 10, 'type': 'fractionWithPercentage'}}, 'Aerial duels won': {'key': 'aerials_won', 'stat': {'value': 0, 'total': 0, 'type': 'fractionWithPercentage'}}, 'Was fouled': {'key': 'was_fouled', 'stat': {'type': 'integer'}}, 'Fouls committed': {'key': 'fouls', 'stat': {'value': 0, 'type': 'integer'}}, 'Duels won': {'key': 'duel_won', 'stat': {'value': 4, 'type': 'integer'}, 'hideInPopupCard': True}, 'Duels lost': {'key': 'duel_lost', 'stat': {'value': 6, 'type': 'integer'}, 'hideInPopupCard': True}}}]",10,75,2,1000010812,1,San Antonio Bulo Bulo,1297060,Oriente Petrolero,1844,2026-04-04T23:30:00.000Z,2,0,9.07,90.0,0.0,2.0,,41.0,49.0,5.0,,,,3.0,70.0,4.0,11.0,2.0,4.0,4.0,8.0,0.0,,,0.0,0.0,,0.0,7.0,5.0,4.0,6.0,4.0,10.0,0.0,0.0,,0.0
Sebastián Álvarez,1302648,534179,1844,Oriente Petrolero,False,"[{'title': 'Top stats', 'key': 'top_stats', 'stats': {'FotMob rating': {'key': 'rating_title', 'stat': {'value': 6.07, 'type': 'double'}}, 'Minutes played': {'key': 'minutes_played', 'stat': {'value': 90, 'type': 'integer'}}, 'Goals': {'key': 'goals', 'stat': {'value': 0, 'type': 'integer'}}, 'Assists': {'key': 'assists', 'stat': {'value': 0, 'type': 'integer'}}, 'Accurate passes': {'key': 'accurate_passes', 'stat': {'value': 42, 'total': 48, 'type': 'fractionWithPercentage'}}, 'Chances created': {'key': 'chances_created', 'stat': {'value': 0, 'type': 'integer'}}, 'Shotmap': {'key': None, 'stat': {'value': 0, 'type': 'boolean'}}, 'Defensive actions': {'key': 'defensive_actions', 'stat': {'value': 9, 'type': 'integer'}}}}, {'title': 'Attack', 'key': 'attack', 'stats': {'Touches': {'key': 'touches', 'stat': {'value': 57, 'type': 'integer'}}, 'Touches in opposition box': {'key': 'touches_opp_box', 'stat': {'value': 0, 'type': 'integer'}}, 'Passes into final third': {'key': 'passes_into_final_third', 'stat': {'value': 5, 'type': 'integer'}}, 'Accurate long balls': {'key': 'long_balls_accurate', 'stat': {'value': 5, 'total': 8, 'type': 'fractionWithPercentage'}}, 'Dispossessed': {'key': 'dispossessed', 'stat': {'value': 0, 'type': 'integer'}}}}, {'title': 'Defense', 'key': 'defense', 'stats': {'Defensive actions': {'key': 'defensive_actions', 'stat': {'value': 9, 'type': 'integer'}}, 'Tackles': {'key': 'matchstats.headers.tackles', 'stat': {'value': 0, 'type': 'integer'}}, 'Blocks': {'key': 'shot_blocks', 'stat': {'value': 3, 'type': 'integer'}}, 'Clearances': {'key': 'clearances', 'stat': {'value': 5, 'type': 'integer'}}, 'Headed clearance': {'key': 'headed_clearance', 'stat': {'value': 2, 'type': 'integer'}}, 'Interceptions': {'key': 'interceptions', 'stat': {'value': 1, 'type': 'integer'}}, 'Recoveries': {'key': 'recoveries', 'stat': {'value': 4, 'type': 'integer'}}, 'Dribbled past': {'key': 'dribbled_past', 'stat': {'value': 1, 'type': 'integer'}}}}, {'title': 'Duels', 'key': 'duels', 'stats': {'Ground duels won': {'key': 'ground_duels_won', 'stat': {'value': 0, 'total': 1, 'type': 'fractionWithPercentage'}}, 'Aerial duels won': {'key': 'aerials_won', 'stat': {'value': 1, 'total': 2, 'type': 'fractionWithPercentage'}}, 'Was fouled': {'key': 'was_fouled', 'stat': {'type': 'integer'}}, 'Fouls committed': {'key': 'fouls', 'stat': {'value': 0, 'type': 'integer'}}, 'Duels won': {'key': 'duel_won', 'stat': {'value': 1, 'type': 'integer'}, 'hideInPopupCard': True}, 'Duels lost': {'key': 'duel_lost', 'stat': {'value': 2, 'type': 'integer'}, 'hideInPopupCard': True}}}]",27,36,1,1000010812,1,San Antonio Bulo Bulo,1297060,Oriente Petrolero,1844,2026-04-04T23:30:00.000Z,2,0,6.07,90.0,0.0,0.0,,42.0,48.0,0.0,,,,9.0,57.0,0.0,5.0,,,5.0,8.0,0.0,,,3.0,5.0,2.0,1.0,4.0,1.0,1.0,2.0,0.0,1.0,1.0,2.0,,0.0
Pablo Vaca,1302657,480036,1297060,San Antonio Bulo Bulo,False,"[{'title': 'Top stats', 'key': 'top_stats', 'stats': {'FotMob rating': {'key': 'rating_title', 'stat': {'value': 6.62, 'type': 'double'}}, 'Minutes played': {'key': 'minutes_played', 'stat': {'value': 26, 'type': 'integer'}}, 'Goals': {'key': 'goals', 'stat': {'value': 0, 'type': 'integer'}}, 'Assists': {'key': 'assists', 'stat': {'value': 0, 'type': 'integer'}}, 'Accurate passes': {'key': 'accurate_passes', 'stat': {'value': 12, 'total': 15, 'type': 'fractionWithPercentage'}}, 'Chances created': {'key': 'chances_created', 'stat': {'value': 1, 'type': 'integer'}}, 'Shots on target': {'key': 'ShotsOnTarget', 'stat': {'value': 0, 'type': 'integer'}}, 'Shots off target': {'key': 'ShotsOffTarget', 'stat': {'value': 1, 'type': 'integer'}}, 'Shot accuracy': {'key': 'shot_accuracy', 'stat': {'value': 0, 'total': 1, 'type': 'fractionWithPercentage'}}, 'Shotmap': {'key': None, 'stat': {'value': 1, 'type': 'boolean'}}, 'Defensive actions': {'key': 'defensive_actions', 'stat': {'value': 0, 'type': 'integer'}}}}, {'title': 'Attack', 'key': 'attack', 'stats': {'Touches': {'key': 'touches', 'stat': {'value': 17, 'type': 'integer'}}, 'Touches in opposition box': {'key': 'touches_opp_box', 'stat': {'value': 1, 'type': 'integer'}}, 'Successful dribbles': {'key': 'dribbles_succeeded', 'stat': {'value': 1, 'total': 1, 'type': 'fractionWithPercentage'}}, 'Passes into final third': {'key': 'passes_into_final_third', 'stat': {'value': 2, 'type': 'integer'}}, 'Accurate long balls': {'key': 'long_balls_accurate', 'stat': {'value': 1, 'total': 4, 'type': 'fractionWithPercentage'}}, 'Dispossessed': {'key': 'dispossessed', 'stat': {'value': 0, 'type': 'integer'}}}}, {'title': 'Defense', 'key': 'defense', 'stats': {'Defensive actions': {'key': 'defensive_actions', 'stat': {'value': 0, 'type': 'integer'}}, 'Tackles': {'key': 'matchstats.headers.tackles', 'stat': {'value': 0, 'type': 'integer'}}, 'Blocks': {'key': 'shot_blocks', 'stat': {'value': 0, 'type': 'integer'}}, 'Clearances': {'key': 'clearances', 'stat': {'value': 0, 'type': 'integer'}}, 'Interceptions': {'key': 'interceptions', 'stat': {'value': 0, 'type': 'integer'}}, 'Recoveries': {'key': 'recoveries', 'stat': {'value': 2, 'type': 'integer'}}, 'Dribbled past': {'key': 'dribbled_past', 'stat': {'value': 0, 'type': 'integer'}}}}, {'title': 'Duels', 'key': 'duels', 'stats': {'Ground duels won': {'key': 'ground_duels_won', 'stat': {'value': 1, 'total': 2, 'type': 'fractionWithPercentage'}}, 'Aerial duels won': {'key': 'aerials_won', 'stat': {'value': 0, 'total': 0, 'type': 'fractionWithPercentage'}}, 'Was fouled': {'key': 'was_fouled', 'stat': {'type': 'integer'}}, 'Fouls committed': {'key': 'fouls', 'stat': {'value': 1, 'type': 'integer'}}, 'Duels won': {'key': 'duel_won', 'stat': {'value': 1, 'type': 'integer'}, 'hideInPopupCard': True}, 'Duels lost': {'key': 'duel_lost', 'stat': {'value': 1, 'type': 'integer'}, 'hideInPopupCard': True}}}]",24,,,1000010812,1,San Antonio Bulo Bulo,1297060,Oriente Petrolero,1844,2026-04-04T23:30:00.000Z,2,0,6.62,26.0,0.0,0.0,,12.0,15.0,1.0,,,,0.0,17.0,1.0,2.0,,,1.0,4.0,0.0,,,0.0,0.0,,0.0,2.0,0.0,1.0,1.0,1.0,2.0,0.0,0.0,,1.0
José Briceño,1302706,480040,1297060,San Antonio Bulo Bulo,False,"[{'title': 'Top stats', 'key': 'top_stats', 'stats': {'FotMob rating': {'key': 'rating_title', 'stat': {'value': 7.76, 'type': 'double'}}, 'Minutes played': {'key': 'minutes_played', 'stat': {'value': 64, 'type': 'integer'}}, 'Goals': {'key': 'goals', 'stat': {'value': 1, 'type': 'integer'}}, 'Assists': {'key': 'assists', 'stat': {'value': 0, 'type': 'integer'}}, 'Accurate passes': {'key': 'accurate_passes', 'stat': {'value': 8, 'total': 13, 'type': 'fractionWithPercentage'}}, 'Chances created': {'key': 'chances_created', 'stat': {'value': 2, 'type': 'integer'}}, 'Shots on target': {'key': 'ShotsOnTarget', 'stat': {'value': 2, 'type': 'integer'}}, 'Shots off target': {'key': 'ShotsOffTarget', 'stat': {'value': 1, 'type': 'integer'}}, 'Blocked shots': {'key': 'blocked_shots', 'stat': {'value': 1, 'type': 'integer'}}, 'Shot accuracy': {'key': 'shot_accuracy', 'stat': {'value': 2, 'total': 3, 'type': 'fractionWithPercentage'}}, 'Shotmap': {'key': None, 'stat': {'value': 1, 'type': 'boolean'}}, 'Defensive actions': {'key': 'defensive_actions', 'stat': {'value': 1, 'type': 'integer'}}}}, {'title': 'Attack', 'key': 'attack', 'stats': {'Big chances missed': {'key': 'big_chance_missed_title', 'stat': {'value': 1, 'type': 'integer'}}, 'Touches': {'key': 'touches', 'stat': {'value': 21, 'type': 'integer'}}, 'Touches in opposition box': {'key': 'touches_opp_box', 'stat': {'value': 9, 'type': 'integer'}}, 'Passes into final third': {'key': 'passes_into_final_third', 'stat': {'value': 1, 'type': 'integer'}}, 'Accurate long balls': {'key': 'long_balls_accurate', 'stat': {'value': 1, 'total': 1, 'type': 'fractionWithPercentage'}}, 'Dispossessed': {'key': 'dispossessed', 'stat': {'value': 0, 'type': 'integer'}}, 'Offsides': {'key': 'Offsides', 'stat': {'value': 2, 'type': 'integer'}}}}, {'title': 'Defense', 'key': 'defense', 'stats': {'Defensive actions': {'key': 'defensive_actions', 'stat': {'value': 1, 'type': 'integer'}}, 'Tackles': {'key': 'matchstats.headers.tackles', 'stat': {'value': 1, 'type': 'integer'}}, 'Blocks': {'key': 'shot_blocks', 'stat': {'value': 0, 'type': 'integer'}}, 'Clearances': {'key': 'clearances', 'stat': {'value': 0, 'type': 'integer'}}, 'Interceptions': {'key': 'interceptions', 'stat': {'value': 0, 'type': 'integer'}}, 'Recoveries': {'key': 'recoveries', 'stat': {'value': 1, 'type': 'integer'}}, 'Dribbled past': {'key': 'dribbled_past', 'stat': {'value': 0, 'type': 'integer'}}}}, {'title': 'Duels', 'key': 'duels', 'stats': {'Ground duels won': {'key': 'ground_duels_won', 'stat': {'value': 1, 'total': 2, 'type': 'fractionWithPercentage'}}, 'Aerial duels won': {'key': 'aerials_won', 'stat': {'value': 0, 'total': 3, 'type': 'fractionWithPercentage'}}, 'Was fouled': {'key': 'was_fouled', 'stat': {'type': 'integer'}}, 'Fouls committed': {'key': 'fouls', 'stat': {'value': 1, 'type': 'integer'}}, 'Duels won': {'key': 'duel_won', 'stat': {'value': 1, 'type': 'integer'}, 'hideInPopupCard': True}, 'Duels lost': {'key': 'duel_lost', 'stat': {'value': 4, 'type': 'integer'}, 'hideInPopupCard': True}}}]",32,105,3,1000010812,1,San Antonio Bulo Bulo,1297060,Oriente Petrolero,1844,2026-04-04T23:30:00.000Z,2,0,7.76,64.0,1.0,0.0,,8.0,13.0,2.0,,,,1.0,21.0,9.0,1.0,,,1.0,1.0,0.0,,,0.0,0.0,,0.0,1.0,0.0,1.0,4.0,1.0,2.0,0.0,3.0,,1.0
Alexis Medina,1353450,559936,1297060,San Antonio Bulo Bulo,False,"[{'title': 'Top stats', 'key': 'top_stats', 'stats': {'FotMob rating': {'key': 'rating_title', 'stat': {'value': 6.12, 'type': 'double'}}, 'Minutes played': {'key': 'minutes_played', 'stat': {'value': 10, 'type': 'integer'}}, 'Goals': {'key': 'goals', 'stat': {'value': 0, 'type': 'integer'}}, 'Assists': {'key': 'assists', 'stat': {'value': 0, 'type': 'integer'}}, 'Accurate passes': {'key': 'accurate_passes', 'stat': {'value': 3, 'total': 6, 'type': 'fractionWithPercentage'}}, 'Chances created': {'key': 'chances_created', 'stat': {'value': 1, 'type': 'integer'}}, 'Shots on target': {'key': 'ShotsOnTarget', 'stat': {'value': 0, 'type': 'integer'}}, 'Shots off target': {'key': 'ShotsOffTarget', 'stat': {'value': 0, 'type': 'integer'}}, 'Blocked shots': {'key': 'blocked_shots', 'stat': {'value': 1, 'type': 'integer'}}, 'Shotmap': {'key': None, 'stat': {'value': 1, 'type': 'boolean'}}, 'Defensive actions': {'key': 'defensive_actions', 'stat': {'value': 0, 'type': 'integer'}}}}, {'title': 'Attack', 'key': 'attack', 'stats': {'Touches': {'key': 'touches', 'stat': {'value': 9, 'type': 'integer'}}, 'Touches in opposition box': {'key': 'touches_opp_box', 'stat': {'value': 1, 'type': 'integer'}}, 'Successful dribbles': {'key': 'dribbles_succeeded', 'stat': {'value': 0, 'total': 1, 'type': 'fractionWithPercentage'}}, 'Passes into final third': {'key': 'passes_into_final_third', 'stat': {'value': 2, 'type': 'integer'}}, 'Accurate long balls': {'key': 'long_balls_accurate', 'stat': {'value': 0, 'total': 2, 'type': 'fractionWithPercentage'}}, 'Dispossessed': {'key': 'dispossessed', 'stat': {'value': 1, 'type': 'integer'}}, 'Offsides': {'key': 'Offsides', 'stat': {'value': 1, 'type': 'integer'}}}}, {'title': 'Defense', 'key': 'defense', 'stats': {'Defensive actions': {'key': 'defensive_actions', 'stat': {'value': 0, 'type': 'integer'}}, 'Tackles': {'key': 'matchstats.headers.tackles', 'stat': {'value': 0, 'type': 'integer'}}, 'Blocks': {'key': 'shot_blocks', 'stat': {'value': 0, 'type': 'integer'}}, 'Clearances': {'key': 'clearances', 'stat': {'value': 0, 'type': 'integer'}}, 'Interceptions': {'key': 'interceptions', 'stat': {'value': 0, 'type': 'integer'}}, 'Recoveries': {'key': 'recoveries', 'stat': {'value': 2, 'type': 'integer'}}, 'Dribbled past': {'key': 'dribbled_past', 'stat': {'value': 0, 'type': 'integer'}}}}, {'title': 'Duels', 'key': 'duels', 'stats': {'Ground duels won': {'key': 'ground_duels_won', 'stat': {'value': 0, 'total': 2, 'type': 'fractionWithPercentage'}}, 'Aerial duels won': {'key': 'aerials_won', 'stat': {'value': 0, 'total': 1, 'type': 'fractionWithPercentage'}}, 'Was fouled': {'key': 'was_fouled', 'stat': {'type': 'integer'}}, 'Fouls committed': {'key': 'fouls', 'stat': {'value': 0, 'type': 'integer'}}, 'Duels lost': {'key': 'duel_lost', 'stat': {'value': 3, 'type': 'integer'}, 'hideInPopupCard': True}}}]",13,,,1000010812,1,San Antonio Bulo Bulo,1297060,Oriente Petrolero,1844,2026-04-04T23:30:00.000Z,2,0,6.12,10.0,0.0,0.0,,3.0,6.0,1.0,,,,0.0,9.0,1.0,2.0,,,0.0,2.0,1.0,,,0.0,0.0,,0.0,2.0,0.0,,3.0,0.0,2.0,0.0,1.0,,0.0
Andrés Ariza,1355647,475322,1844,Oriente Petrolero,False,"[{'title': 'Top stats', 'key': 'top_stats', 'stats': {'FotMob rating': {'key': 'rating_title', 'stat': {'value': 6.02, 'type': 'double'}}, 'Minutes played': {'key': 'minutes_played', 'stat': {'value': 36, 'type': 'integer'}}, 'Goals': {'key': 'goals', 'stat': {'value': 0, 'type': 'integer'}}, 'Assists': {'key': 'assists', 'stat': {'value': 0, 'type': 'integer'}}, 'Accurate passes': {'key': 'accurate_passes', 'stat': {'value': 21, 'total': 26, 'type': 'fractionWithPercentage'}}, 'Chances created': {'key': 'chances_created', 'stat': {'value': 0, 'type': 'integer'}}, 'Shotmap': {'key': None, 'stat': {'value': 0, 'type': 'boolean'}}, 'Defensive actions': {'key': 'defensive_actions', 'stat': {'value': 5, 'type': 'integer'}}}}, {'title': 'Attack', 'key': 'attack', 'stats': {'Touches': {'key': 'touches', 'stat': {'value': 32, 'type': 'integer'}}, 'Touches in opposition box': {'key': 'touches_opp_box', 'stat': {'value': 0, 'type': 'integer'}}, 'Passes into final third': {'key': 'passes_into_final_third', 'stat': {'value': 5, 'type': 'integer'}}, 'Accurate long balls': {'key': 'long_balls_accurate', 'stat': {'value': 1, 'total': 3, 'type': 'fractionWithPercentage'}}, 'Dispossessed': {'key': 'dispossessed', 'stat': {'value': 1, 'type': 'integer'}}}}, {'title': 'Defense', 'key': 'defense', 'stats': {'Defensive actions': {'key': 'defensive_actions', 'stat': {'value': 5, 'type': 'integer'}}, 'Tackles': {'key': 'matchstats.headers.tackles', 'stat': {'value': 0, 'type': 'integer'}}, 'Blocks': {'key': 'shot_blocks', 'stat': {'value': 0, 'type': 'integer'}}, 'Clearances': {'key': 'clearances', 'stat': {'value': 5, 'type': 'integer'}}, 'Headed clearance': {'key': 'headed_clearance', 'stat': {'value': 2, 'type': 'integer'}}, 'Interceptions': {'key': 'interceptions', 'stat': {'value': 0, 'type': 'integer'}}, 'Recoveries': {'key': 'recoveries', 'stat': {'value': 1, 'type': 'integer'}}, 'Dribbled past': {'key': 'dribbled_past', 'stat': {'value': 1, 'type': 'integer'}}}}, {'title': 'Duels', 'key': 'duels', 'stats': {'Ground duels won': {'key': 'ground_duels_won', 'stat': {'value': 0, 'total': 2, 'type': 'fractionWithPercentage'}}, 'Aerial duels won': {'key': 'aerials_won', 'stat': {'value': 0, 'total': 0, 'type': 'fractionWithPercentage'}}, 'Was fouled': {'key': 'was_fouled', 'stat': {'type': 'integer'}}, 'Fouls committed': {'key': 'fouls', 'stat': {'value': 0, 'type': 'integer'}}, 'Duels lost': {'key': 'duel_lost', 'stat': {'value': 2, 'type': 'integer'}, 'hideInPopupCard': True}}}]",2,,,1000010812,1,San Antonio Bulo Bulo,1297060,Oriente Petrolero,1844,2026-04-04T23:30:00.000Z,2,0,6.02,36.0,0.0,0.0,,21.0,26.0,0.0,,,,5.0,32.0,0.0,5.0,,,1.0,3.0,1.0,,,0.0,5.0,2.0,0.0,1.0,1.0,,2.0,0.0,2.0,0.0,0.0,,0.0
Enrique Taborga,1363424,568080,1844,Oriente Petrolero,False,[],14,,,1000010812,1,San Antonio Bulo Bulo,1297060,Oriente Petrolero,1844,2026-04-04T23:30:00.000Z,2,0,,,,,,,,,,,,,,,,,,,,,,,,,,,,,,,,,,,,
Joel Contreras,1432978,492032,1844,Oriente Petrolero,False,"[{'title': 'Top stats', 'key': 'top_stats', 'stats': {'FotMob rating': {'key': 'rating_title', 'stat': {'value': 6.11, 'type': 'double'}}, 'Minutes played': {'key': 'minutes_played', 'stat': {'value': 90, 'type': 'integer'}}, 'Goals': {'key': 'goals', 'stat': {'value': 0, 'type': 'integer'}}, 'Assists': {'key': 'assists', 'stat': {'value': 0, 'type': 'integer'}}, 'Accurate passes': {'key': 'accurate_passes', 'stat': {'value': 24, 'total': 29, 'type': 'fractionWithPercentage'}}, 'Chances created': {'key': 'chances_created', 'stat': {'value': 2, 'type': 'integer'}}, 'Shots on target': {'key': 'ShotsOnTarget', 'stat': {'value': 0, 'type': 'integer'}}, 'Shots off target': {'key': 'ShotsOffTarget', 'stat': {'value': 0, 'type': 'integer'}}, 'Blocked shots': {'key': 'blocked_shots', 'stat': {'value': 1, 'type': 'integer'}}, 'Shotmap': {'key': None, 'stat': {'value': 1, 'type': 'boolean'}}, 'Defensive actions': {'key': 'defensive_actions', 'stat': {'value': 1, 'type': 'integer'}}}}, {'title': 'Attack', 'key': 'attack', 'stats': {'Touches': {'key': 'touches', 'stat': {'value': 44, 'type': 'integer'}}, 'Touches in opposition box': {'key': 'touches_opp_box', 'stat': {'value': 5, 'type': 'integer'}}, 'Successful dribbles': {'key': 'dribbles_succeeded', 'stat': {'value': 0, 'total': 3, 'type': 'fractionWithPercentage'}}, 'Passes into final third': {'key': 'passes_into_final_third', 'stat': {'value': 3, 'type': 'integer'}}, 'Accurate crosses': {'key': 'accurate_crosses', 'stat': {'value': 0, 'total': 2, 'type': 'fractionWithPercentage'}}, 'Accurate long balls': {'key': 'long_balls_accurate', 'stat': {'value': 2, 'total': 2, 'type': 'fractionWithPercentage'}}, 'Dispossessed': {'key': 'dispossessed', 'stat': {'value': 1, 'type': 'integer'}}}}, {'title': 'Defense', 'key': 'defense', 'stats': {'Defensive actions': {'key': 'defensive_actions', 'stat': {'value': 1, 'type': 'integer'}}, 'Tackles': {'key': 'matchstats.headers.tackles', 'stat': {'value': 0, 'type': 'integer'}}, 'Blocks': {'key': 'shot_blocks', 'stat': {'value': 1, 'type': 'integer'}}, 'Clearances': {'key': 'clearances', 'stat': {'value': 0, 'type': 'integer'}}, 'Interceptions': {'key': 'interceptions', 'stat': {'value': 0, 'type': 'integer'}}, 'Recoveries': {'key': 'recoveries', 'stat': {'value': 1, 'type': 'integer'}}, 'Dribbled past': {'key': 'dribbled_past', 'stat': {'value': 0, 'type': 'integer'}}}}, {'title': 'Duels', 'key': 'duels', 'stats': {'Ground duels won': {'key': 'ground_duels_won', 'stat': {'value': 1, 'total': 5, 'type': 'fractionWithPercentage'}}, 'Aerial duels won': {'key': 'aerials_won', 'stat': {'value': 0, 'total': 0, 'type': 'fractionWithPercentage'}}, 'Was fouled': {'key': 'was_fouled', 'stat': {'value': 1, 'type': 'integer'}}, 'Fouls committed': {'key': 'fouls', 'stat': {'value': 0, 'type': 'integer'}}, 'Duels won': {'key': 'duel_won', 'stat': {'value': 1, 'type': 'integer'}, 'hideInPopupCard': True}, 'Duels lost': {'key': 'duel_lost', 'stat': {'value': 4, 'type': 'integer'}, 'hideInPopupCard': True}}}]",23,88,3,1000010812,1,San Antonio Bulo Bulo,1297060,Oriente Petrolero,1844,2026-04-04T23:30:00.000Z,2,0,6.11,90.0,0.0,0.0,,24.0,29.0,2.0,,,,1.0,44.0,5.0,3.0,0.0,2.0,2.0,2.0,1.0,,,1.0,0.0,,0.0,1.0,0.0,1.0,4.0,1.0,5.0,0.0,0.0,1.0,0.0
César Romero,1457231,567859,1297060,San Antonio Bulo Bulo,False,[],26,,,1000010812,1,San Antonio Bulo Bulo,1297060,Oriente Petrolero,1844,2026-04-04T23:30:00.000Z,2,0,,,,,,,,,,,,,,,,,,,,,,,,,,,,,,,,,,,,
Jamir Berdecio,1458588,534448,1844,Oriente Petrolero,False,"[{'title': 'Top stats', 'key': 'top_stats', 'stats': {'FotMob rating': {'key': 'rating_title', 'stat': {'value': 5.97, 'type': 'double'}}, 'Minutes played': {'key': 'minutes_played', 'stat': {'value': 21, 'type': 'integer'}}, 'Goals': {'key': 'goals', 'stat': {'value': 0, 'type': 'integer'}}, 'Assists': {'key': 'assists', 'stat': {'value': 0, 'type': 'integer'}}, 'Accurate passes': {'key': 'accurate_passes', 'stat': {'value': 1, 'total': 1, 'type': 'fractionWithPercentage'}}, 'Chances created': {'key': 'chances_created', 'stat': {'value': 0, 'type': 'integer'}}, 'Shotmap': {'key': None, 'stat': {'value': 0, 'type': 'boolean'}}, 'Defensive actions': {'key': 'defensive_actions', 'stat': {'value': 0, 'type': 'integer'}}}}, {'title': 'Attack', 'key': 'attack', 'stats': {'Touches': {'key': 'touches', 'stat': {'value': 1, 'type': 'integer'}}, 'Touches in opposition box': {'key': 'touches_opp_box', 'stat': {'value': 0, 'type': 'integer'}}, 'Dispossessed': {'key': 'dispossessed', 'stat': {'value': 0, 'type': 'integer'}}}}, {'title': 'Defense', 'key': 'defense', 'stats': {'Defensive actions': {'key': 'defensive_actions', 'stat': {'value': 0, 'type': 'integer'}}, 'Tackles': {'key': 'matchstats.headers.tackles', 'stat': {'value': 0, 'type': 'integer'}}, 'Blocks': {'key': 'shot_blocks', 'stat': {'value': 0, 'type': 'integer'}}, 'Clearances': {'key': 'clearances', 'stat': {'value': 0, 'type': 'integer'}}, 'Interceptions': {'key': 'interceptions', 'stat': {'value': 0, 'type': 'integer'}}, 'Recoveries': {'key': 'recoveries', 'stat': {'value': 0, 'type': 'integer'}}, 'Dribbled past': {'key': 'dribbled_past', 'stat': {'value': 0, 'type': 'integer'}}}}, {'title': 'Duels', 'key': 'duels', 'stats': {'Aerial duels won': {'key': 'aerials_won', 'stat': {'value': 0, 'total': 0, 'type': 'fractionWithPercentage'}}, 'Was fouled': {'key': 'was_fouled', 'stat': {'type': 'integer'}}, 'Fouls committed': {'key': 'fouls', 'stat': {'value': 0, 'type': 'integer'}}}}]",30,,,1000010812,1,San Antonio Bulo Bulo,1297060,Oriente Petrolero,1844,2026-04-04T23:30:00.000Z,2,0,5.97,21.0,0.0,0.0,,1.0,1.0,0.0,,,,0.0,1.0,0.0,,,,,,0.0,,,0.0,0.0,,0.0,0.0,0.0,,,,,0.0,0.0,,0.0
Marcelo De Lima,1458640,583759,1297060,San Antonio Bulo Bulo,False,"[{'title': 'Top stats', 'key': 'top_stats', 'stats': {'FotMob rating': {'key': 'rating_title', 'stat': {'value': 6.06, 'type': 'double'}}, 'Minutes played': {'key': 'minutes_played', 'stat': {'value': 26, 'type': 'integer'}}, 'Goals': {'key': 'goals', 'stat': {'value': 0, 'type': 'integer'}}, 'Assists': {'key': 'assists', 'stat': {'value': 0, 'type': 'integer'}}, 'Accurate passes': {'key': 'accurate_passes', 'stat': {'value': 1, 'total': 1, 'type': 'fractionWithPercentage'}}, 'Chances created': {'key': 'chances_created', 'stat': {'value': 0, 'type': 'integer'}}, 'Shots on target': {'key': 'ShotsOnTarget', 'stat': {'value': 0, 'type': 'integer'}}, 'Shots off target': {'key': 'ShotsOffTarget', 'stat': {'value': 0, 'type': 'integer'}}, 'Blocked shots': {'key': 'blocked_shots', 'stat': {'value': 1, 'type': 'integer'}}, 'Shotmap': {'key': None, 'stat': {'value': 1, 'type': 'boolean'}}, 'Defensive actions': {'key': 'defensive_actions', 'stat': {'value': 0, 'type': 'integer'}}}}, {'title': 'Attack', 'key': 'attack', 'stats': {'Touches': {'key': 'touches', 'stat': {'value': 2, 'type': 'integer'}}, 'Touches in opposition box': {'key': 'touches_opp_box', 'stat': {'value': 2, 'type': 'integer'}}, 'Dispossessed': {'key': 'dispossessed', 'stat': {'value': 0, 'type': 'integer'}}, 'Offsides': {'key': 'Offsides', 'stat': {'value': 1, 'type': 'integer'}}}}, {'title': 'Defense', 'key': 'defense', 'stats': {'Defensive actions': {'key': 'defensive_actions', 'stat': {'value': 0, 'type': 'integer'}}, 'Tackles': {'key': 'matchstats.headers.tackles', 'stat': {'value': 0, 'type': 'integer'}}, 'Blocks': {'key': 'shot_blocks', 'stat': {'value': 0, 'type': 'integer'}}, 'Clearances': {'key': 'clearances', 'stat': {'value': 0, 'type': 'integer'}}, 'Interceptions': {'key': 'interceptions', 'stat': {'value': 0, 'type': 'integer'}}, 'Recoveries': {'key': 'recoveries', 'stat': {'value': 0, 'type': 'integer'}}, 'Dribbled past': {'key': 'dribbled_past', 'stat': {'value': 0, 'type': 'integer'}}}}, {'title': 'Duels', 'key': 'duels', 'stats': {'Aerial duels won': {'key': 'aerials_won', 'stat': {'value': 0, 'total': 0, 'type': 'fractionWithPercentage'}}, 'Was fouled': {'key': 'was_fouled', 'stat': {'type': 'integer'}}, 'Fouls committed': {'key': 'fouls', 'stat': {'value': 0, 'type': 'integer'}}}}]",19,,,1000010812,1,San Antonio Bulo Bulo,1297060,Oriente Petrolero,1844,2026-04-04T23:30:00.000Z,2,0,6.06,26.0,0.0,0.0,,1.0,1.0,0.0,,,,0.0,2.0,2.0,,,,,,0.0,,,0.0,0.0,,0.0,0.0,0.0,,,,,0.0,0.0,,0.0
Ronald Bustos,1458641,533577,1297060,San Antonio Bulo Bulo,False,"[{'title': 'Top stats', 'key': 'top_stats', 'stats': {'FotMob rating': {'key': 'rating_title', 'stat': {'value': 7.01, 'type': 'double'}}, 'Minutes played': {'key': 'minutes_played', 'stat': {'value': 31, 'type': 'integer'}}, 'Goals': {'key': 'goals', 'stat': {'value': 0, 'type': 'integer'}}, 'Assists': {'key': 'assists', 'stat': {'value': 0, 'type': 'integer'}}, 'Accurate passes': {'key': 'accurate_passes', 'stat': {'value': 7, 'total': 10, 'type': 'fractionWithPercentage'}}, 'Chances created': {'key': 'chances_created', 'stat': {'value': 1, 'type': 'integer'}}, 'Shotmap': {'key': None, 'stat': {'value': 0, 'type': 'boolean'}}, 'Defensive actions': {'key': 'defensive_actions', 'stat': {'value': 7, 'type': 'integer'}}}}, {'title': 'Attack', 'key': 'attack', 'stats': {'Touches': {'key': 'touches', 'stat': {'value': 21, 'type': 'integer'}}, 'Touches in opposition box': {'key': 'touches_opp_box', 'stat': {'value': 0, 'type': 'integer'}}, 'Passes into final third': {'key': 'passes_into_final_third', 'stat': {'value': 2, 'type': 'integer'}}, 'Accurate long balls': {'key': 'long_balls_accurate', 'stat': {'value': 0, 'total': 1, 'type': 'fractionWithPercentage'}}, 'Dispossessed': {'key': 'dispossessed', 'stat': {'value': 0, 'type': 'integer'}}}}, {'title': 'Defense', 'key': 'defense', 'stats': {'Defensive actions': {'key': 'defensive_actions', 'stat': {'value': 7, 'type': 'integer'}}, 'Tackles': {'key': 'matchstats.headers.tackles', 'stat': {'value': 1, 'type': 'integer'}}, 'Blocks': {'key': 'shot_blocks', 'stat': {'value': 0, 'type': 'integer'}}, 'Clearances': {'key': 'clearances', 'stat': {'value': 4, 'type': 'integer'}}, 'Headed clearance': {'key': 'headed_clearance', 'stat': {'value': 3, 'type': 'integer'}}, 'Interceptions': {'key': 'interceptions', 'stat': {'value': 2, 'type': 'integer'}}, 'Recoveries': {'key': 'recoveries', 'stat': {'value': 3, 'type': 'integer'}}, 'Dribbled past': {'key': 'dribbled_past', 'stat': {'value': 0, 'type': 'integer'}}}}, {'title': 'Duels', 'key': 'duels', 'stats': {'Ground duels won': {'key': 'ground_duels_won', 'stat': {'value': 1, 'total': 1, 'type': 'fractionWithPercentage'}}, 'Aerial duels won': {'key': 'aerials_won', 'stat': {'value': 1, 'total': 2, 'type': 'fractionWithPercentage'}}, 'Was fouled': {'key': 'was_fouled', 'stat': {'type': 'integer'}}, 'Fouls committed': {'key': 'fouls', 'stat': {'value': 0, 'type': 'integer'}}, 'Duels won': {'key': 'duel_won', 'stat': {'value': 2, 'type': 'integer'}, 'hideInPopupCard': True}, 'Duels lost': {'key': 'duel_lost', 'stat': {'value': 1, 'type': 'integer'}, 'hideInPopupCard': True}}}]",31,,,1000010812,1,San Antonio Bulo Bulo,1297060,Oriente Petrolero,1844,2026-04-04T23:30:00.000Z,2,0,7.01,31.0,0.0,0.0,,7.0,10.0,1.0,,,,7.0,21.0,0.0,2.0,,,0.0,1.0,0.0,,,0.0,4.0,3.0,2.0,3.0,0.0,2.0,1.0,1.0,1.0,1.0,2.0,,0.0
Juan Magallanes,1573005,568086,1297060,San Antonio Bulo Bulo,False,[],33,,,1000010812,1,San Antonio Bulo Bulo,1297060,Oriente Petrolero,1844,2026-04-04T23:30:00.000Z,2,0,,,,,,,,,,,,,,,,,,,,,,,,,,,,,,,,,,,,
Luca Giossa,1609836,700595,1297060,San Antonio Bulo Bulo,True,"[{'title': 'Top stats', 'key': 'top_stats', 'stats': {'FotMob rating': {'key': 'rating_title', 'stat': {'value': 7.53, 'type': 'double'}}, 'Minutes played': {'key': 'minutes_played', 'stat': {'value': 90, 'type': 'integer'}}, 'Saves': {'key': 'saves', 'stat': {'value': 1, 'type': 'integer'}}, 'Goals conceded': {'key': 'goals_conceded', 'stat': {'value': 0, 'type': 'integer'}}, 'Shotmap': {'key': None, 'stat': {'value': 1, 'type': 'boolean'}}, 'Accurate passes': {'key': 'accurate_passes', 'stat': {'value': 12, 'total': 28, 'type': 'fractionWithPercentage'}}, 'Accurate long balls': {'key': 'long_balls_accurate', 'stat': {'value': 5, 'total': 21, 'type': 'fractionWithPercentage'}}, 'Diving save': {'key': 'keeper_diving_save', 'stat': {'value': 0, 'type': 'integer'}}, 'Saves inside box': {'key': 'saves_inside_box', 'stat': {'value': 1, 'type': 'integer'}}, 'Acted as sweeper': {'key': 'keeper_sweeper', 'stat': {'value': 0, 'type': 'integer'}}, 'Punches': {'key': 'punches', 'stat': {'value': 1, 'type': 'integer'}}, 'Throws': {'key': 'player_throws', 'stat': {'value': 2, 'type': 'integer'}}, 'High claim': {'key': 'keeper_high_claim', 'stat': {'value': 1, 'type': 'integer'}}, 'Recoveries': {'key': 'recoveries', 'stat': {'value': 9, 'type': 'integer'}}, 'Clearances': {'key': 'clearances', 'stat': {'value': 3, 'type': 'integer'}}, 'Touches': {'key': 'touches', 'stat': {'value': 35, 'type': 'integer'}}, 'Defensive actions': {'key': 'defensive_actions', 'stat': {'value': 3, 'type': 'integer'}, 'hideInPopupCard': True}, 'Duels won': {'key': 'duel_won', 'stat': {'value': 1, 'type': 'integer'}, 'hideInPopupCard': True}, 'Aerial duels won': {'key': 'aerials_won', 'stat': {'value': 1, 'total': 1, 'type': 'fractionWithPercentage'}}, 'Was fouled': {'key': 'was_fouled', 'stat': {'type': 'integer'}, 'hideInPopupCard': True}, 'Fouls committed': {'key': 'fouls', 'stat': {'value': 0, 'type': 'integer'}, 'hideInPopupCard': True}, 'Tackles': {'key': 'matchstats.headers.tackles', 'stat': {'value': 0, 'type': 'integer'}, 'hideInPopupCard': True}, 'Passes into final third': {'key': 'passes_into_final_third', 'stat': {'value': 8, 'type': 'integer'}, 'hideInPopupCard': True}, 'Interceptions': {'key': 'interceptions', 'stat': {'value': 0, 'type': 'integer'}, 'hideInPopupCard': True}}}]",1,11,0,1000010812,1,San Antonio Bulo Bulo,1297060,Oriente Petrolero,1844,2026-04-04T23:30:00.000Z,2,0,7.53,90.0,,,,12.0,28.0,,,,,3.0,,,,,,,,,,,,,,,,,,,,,,,,
Gustavo Mendoza,1639717,644332,1297060,San Antonio Bulo Bulo,False,"[{'title': 'Top stats', 'key': 'top_stats', 'stats': {'FotMob rating': {'key': 'rating_title', 'stat': {'value': 7.32, 'type': 'double'}}, 'Minutes played': {'key': 'minutes_played', 'stat': {'value': 90, 'type': 'integer'}}, 'Goals': {'key': 'goals', 'stat': {'value': 0, 'type': 'integer'}}, 'Assists': {'key': 'assists', 'stat': {'value': 0, 'type': 'integer'}}, 'Accurate passes': {'key': 'accurate_passes', 'stat': {'value': 18, 'total': 20, 'type': 'fractionWithPercentage'}}, 'Chances created': {'key': 'chances_created', 'stat': {'value': 1, 'type': 'integer'}}, 'Shotmap': {'key': None, 'stat': {'value': 0, 'type': 'boolean'}}, 'Defensive actions': {'key': 'defensive_actions', 'stat': {'value': 7, 'type': 'integer'}}}}, {'title': 'Attack', 'key': 'attack', 'stats': {'Touches': {'key': 'touches', 'stat': {'value': 37, 'type': 'integer'}}, 'Touches in opposition box': {'key': 'touches_opp_box', 'stat': {'value': 0, 'type': 'integer'}}, 'Passes into final third': {'key': 'passes_into_final_third', 'stat': {'value': 2, 'type': 'integer'}}, 'Accurate crosses': {'key': 'accurate_crosses', 'stat': {'value': 0, 'total': 2, 'type': 'fractionWithPercentage'}}, 'Accurate long balls': {'key': 'long_balls_accurate', 'stat': {'value': 1, 'total': 2, 'type': 'fractionWithPercentage'}}, 'Corners': {'key': 'corners', 'stat': {'value': 1, 'type': 'integer'}}, 'Dispossessed': {'key': 'dispossessed', 'stat': {'value': 0, 'type': 'integer'}}}}, {'title': 'Defense', 'key': 'defense', 'stats': {'Defensive actions': {'key': 'defensive_actions', 'stat': {'value': 7, 'type': 'integer'}}, 'Tackles': {'key': 'matchstats.headers.tackles', 'stat': {'value': 1, 'type': 'integer'}}, 'Blocks': {'key': 'shot_blocks', 'stat': {'value': 1, 'type': 'integer'}}, 'Clearances': {'key': 'clearances', 'stat': {'value': 2, 'type': 'integer'}}, 'Headed clearance': {'key': 'headed_clearance', 'stat': {'value': 1, 'type': 'integer'}}, 'Interceptions': {'key': 'interceptions', 'stat': {'value': 3, 'type': 'integer'}}, 'Recoveries': {'key': 'recoveries', 'stat': {'value': 3, 'type': 'integer'}}, 'Dribbled past': {'key': 'dribbled_past', 'stat': {'value': 0, 'type': 'integer'}}}}, {'title': 'Duels', 'key': 'duels', 'stats': {'Ground duels won': {'key': 'ground_duels_won', 'stat': {'value': 1, 'total': 2, 'type': 'fractionWithPercentage'}}, 'Aerial duels won': {'key': 'aerials_won', 'stat': {'value': 1, 'total': 2, 'type': 'fractionWithPercentage'}}, 'Was fouled': {'key': 'was_fouled', 'stat': {'type': 'integer'}}, 'Fouls committed': {'key': 'fouls', 'stat': {'value': 1, 'type': 'integer'}}, 'Duels won': {'key': 'duel_won', 'stat': {'value': 2, 'type': 'integer'}, 'hideInPopupCard': True}, 'Duels lost': {'key': 'duel_lost', 'stat': {'value': 2, 'type': 'integer'}, 'hideInPopupCard': True}}}]",34,38,1,1000010812,1,San Antonio Bulo Bulo,1297060,Oriente Petrolero,1844,2026-04-04T23:30:00.000Z,2,0,7.32,90.0,0.0,0.0,,18.0,20.0,1.0,,,,7.0,37.0,0.0,2.0,0.0,2.0,1.0,2.0,0.0,,,1.0,2.0,1.0,3.0,3.0,0.0,2.0,2.0,1.0,2.0,1.0,2.0,,1.0
Manuel Bonilla,1677035,572602,1844,Oriente Petrolero,False,"[{'title': 'Top stats', 'key': 'top_stats', 'stats': {'FotMob rating': {'key': 'rating_title', 'stat': {'value': 6.81, 'type': 'double'}}, 'Minutes played': {'key': 'minutes_played', 'stat': {'value': 45, 'type': 'integer'}}, 'Goals': {'key': 'goals', 'stat': {'value': 0, 'type': 'integer'}}, 'Assists': {'key': 'assists', 'stat': {'value': 0, 'type': 'integer'}}, 'Accurate passes': {'key': 'accurate_passes', 'stat': {'value': 10, 'total': 18, 'type': 'fractionWithPercentage'}}, 'Chances created': {'key': 'chances_created', 'stat': {'value': 2, 'type': 'integer'}}, 'Shotmap': {'key': None, 'stat': {'value': 0, 'type': 'boolean'}}, 'Defensive actions': {'key': 'defensive_actions', 'stat': {'value': 4, 'type': 'integer'}}}}, {'title': 'Attack', 'key': 'attack', 'stats': {'Touches': {'key': 'touches', 'stat': {'value': 38, 'type': 'integer'}}, 'Touches in opposition box': {'key': 'touches_opp_box', 'stat': {'value': 2, 'type': 'integer'}}, 'Passes into final third': {'key': 'passes_into_final_third', 'stat': {'value': 5, 'type': 'integer'}}, 'Accurate crosses': {'key': 'accurate_crosses', 'stat': {'value': 2, 'total': 8, 'type': 'fractionWithPercentage'}}, 'Accurate long balls': {'key': 'long_balls_accurate', 'stat': {'value': 0, 'total': 1, 'type': 'fractionWithPercentage'}}, 'Corners': {'key': 'corners', 'stat': {'value': 1, 'type': 'integer'}}, 'Dispossessed': {'key': 'dispossessed', 'stat': {'value': 0, 'type': 'integer'}}}}, {'title': 'Defense', 'key': 'defense', 'stats': {'Defensive actions': {'key': 'defensive_actions', 'stat': {'value': 4, 'type': 'integer'}}, 'Tackles': {'key': 'matchstats.headers.tackles', 'stat': {'value': 0, 'type': 'integer'}}, 'Blocks': {'key': 'shot_blocks', 'stat': {'value': 0, 'type': 'integer'}}, 'Clearances': {'key': 'clearances', 'stat': {'value': 3, 'type': 'integer'}}, 'Headed clearance': {'key': 'headed_clearance', 'stat': {'value': 1, 'type': 'integer'}}, 'Interceptions': {'key': 'interceptions', 'stat': {'value': 1, 'type': 'integer'}}, 'Recoveries': {'key': 'recoveries', 'stat': {'value': 1, 'type': 'integer'}}, 'Dribbled past': {'key': 'dribbled_past', 'stat': {'value': 0, 'type': 'integer'}}}}, {'title': 'Duels', 'key': 'duels', 'stats': {'Ground duels won': {'key': 'ground_duels_won', 'stat': {'value': 1, 'total': 1, 'type': 'fractionWithPercentage'}}, 'Aerial duels won': {'key': 'aerials_won', 'stat': {'value': 2, 'total': 3, 'type': 'fractionWithPercentage'}}, 'Was fouled': {'key': 'was_fouled', 'stat': {'value': 1, 'type': 'integer'}}, 'Fouls committed': {'key': 'fouls', 'stat': {'value': 0, 'type': 'integer'}}, 'Duels won': {'key': 'duel_won', 'stat': {'value': 3, 'type': 'integer'}, 'hideInPopupCard': True}, 'Duels lost': {'key': 'duel_lost', 'stat': {'value': 1, 'type': 'integer'}, 'hideInPopupCard': True}}}]",4,,,1000010812,1,San Antonio Bulo Bulo,1297060,Oriente Petrolero,1844,2026-04-04T23:30:00.000Z,2,0,6.81,45.0,0.0,0.0,,10.0,18.0,2.0,,,,4.0,38.0,2.0,5.0,2.0,8.0,0.0,1.0,0.0,,,0.0,3.0,1.0,1.0,1.0,0.0,3.0,1.0,1.0,1.0,2.0,3.0,1.0,0.0
Lider Yanarico,1680360,645153,1297060,San Antonio Bulo Bulo,False,"[{'title': 'Top stats', 'key': 'top_stats', 'stats': {'FotMob rating': {'key': 'rating_title', 'stat': {'value': 7.96, 'type': 'double'}}, 'Minutes played': {'key': 'minutes_played', 'stat': {'value': 90, 'type': 'integer'}}, 'Goals': {'key': 'goals', 'stat': {'value': 0, 'type': 'integer'}}, 'Assists': {'key': 'assists', 'stat': {'value': 0, 'type': 'integer'}}, 'Accurate passes': {'key': 'accurate_passes', 'stat': {'value': 19, 'total': 28, 'type': 'fractionWithPercentage'}}, 'Chances created': {'key': 'chances_created', 'stat': {'value': 0, 'type': 'integer'}}, 'Shotmap': {'key': None, 'stat': {'value': 0, 'type': 'boolean'}}, 'Defensive actions': {'key': 'defensive_actions', 'stat': {'value': 18, 'type': 'integer'}}}}, {'title': 'Attack', 'key': 'attack', 'stats': {'Touches': {'key': 'touches', 'stat': {'value': 49, 'type': 'integer'}}, 'Touches in opposition box': {'key': 'touches_opp_box', 'stat': {'value': 0, 'type': 'integer'}}, 'Passes into final third': {'key': 'passes_into_final_third', 'stat': {'value': 4, 'type': 'integer'}}, 'Accurate long balls': {'key': 'long_balls_accurate', 'stat': {'value': 4, 'total': 11, 'type': 'fractionWithPercentage'}}, 'Dispossessed': {'key': 'dispossessed', 'stat': {'value': 0, 'type': 'integer'}}}}, {'title': 'Defense', 'key': 'defense', 'stats': {'Defensive actions': {'key': 'defensive_actions', 'stat': {'value': 18, 'type': 'integer'}}, 'Tackles': {'key': 'matchstats.headers.tackles', 'stat': {'value': 1, 'type': 'integer'}}, 'Blocks': {'key': 'shot_blocks', 'stat': {'value': 1, 'type': 'integer'}}, 'Clearances': {'key': 'clearances', 'stat': {'value': 13, 'type': 'integer'}}, 'Headed clearance': {'key': 'headed_clearance', 'stat': {'value': 4, 'type': 'integer'}}, 'Interceptions': {'key': 'interceptions', 'stat': {'value': 3, 'type': 'integer'}}, 'Recoveries': {'key': 'recoveries', 'stat': {'value': 5, 'type': 'integer'}}, 'Dribbled past': {'key': 'dribbled_past', 'stat': {'value': 0, 'type': 'integer'}}}}, {'title': 'Duels', 'key': 'duels', 'stats': {'Ground duels won': {'key': 'ground_duels_won', 'stat': {'value': 1, 'total': 1, 'type': 'fractionWithPercentage'}}, 'Aerial duels won': {'key': 'aerials_won', 'stat': {'value': 2, 'total': 3, 'type': 'fractionWithPercentage'}}, 'Was fouled': {'key': 'was_fouled', 'stat': {'type': 'integer'}}, 'Fouls committed': {'key': 'fouls', 'stat': {'value': 0, 'type': 'integer'}}, 'Duels won': {'key': 'duel_won', 'stat': {'value': 3, 'type': 'integer'}, 'hideInPopupCard': True}, 'Duels lost': {'key': 'duel_lost', 'stat': {'value': 1, 'type': 'integer'}, 'hideInPopupCard': True}}}]",14,36,1,1000010812,1,San Antonio Bulo Bulo,1297060,Oriente Petrolero,1844,2026-04-04T23:30:00.000Z,2,0,7.96,90.0,0.0,0.0,,19.0,28.0,0.0,,,,18.0,49.0,0.0,4.0,,,4.0,11.0,0.0,,,1.0,13.0,4.0,3.0,5.0,0.0,3.0,1.0,1.0,1.0,2.0,3.0,,0.0
Alejandro Torrez,1686623,245363,1844,Oriente Petrolero,True,"[{'title': 'Top stats', 'key': 'top_stats', 'stats': {'FotMob rating': {'key': 'rating_title', 'stat': {'value': 6.23, 'type': 'double'}}, 'Minutes played': {'key': 'minutes_played', 'stat': {'value': 90, 'type': 'integer'}}, 'Saves': {'key': 'saves', 'stat': {'value': 6, 'type': 'integer'}}, 'Goals conceded': {'key': 'goals_conceded', 'stat': {'value': 2, 'type': 'integer'}}, 'Shotmap': {'key': None, 'stat': {'value': 1, 'type': 'boolean'}}, 'Accurate passes': {'key': 'accurate_passes', 'stat': {'value': 23, 'total': 27, 'type': 'fractionWithPercentage'}}, 'Accurate long balls': {'key': 'long_balls_accurate', 'stat': {'value': 3, 'total': 7, 'type': 'fractionWithPercentage'}}, 'Diving save': {'key': 'keeper_diving_save', 'stat': {'value': 0, 'type': 'integer'}}, 'Saves inside box': {'key': 'saves_inside_box', 'stat': {'value': 2, 'type': 'integer'}}, 'Acted as sweeper': {'key': 'keeper_sweeper', 'stat': {'value': 0, 'type': 'integer'}}, 'Punches': {'key': 'punches', 'stat': {'value': 0, 'type': 'integer'}}, 'Throws': {'key': 'player_throws', 'stat': {'value': 7, 'type': 'integer'}}, 'High claim': {'key': 'keeper_high_claim', 'stat': {'value': 0, 'type': 'integer'}}, 'Recoveries': {'key': 'recoveries', 'stat': {'value': 10, 'type': 'integer'}}, 'Clearances': {'key': 'clearances', 'stat': {'value': 1, 'type': 'integer'}}, 'Touches': {'key': 'touches', 'stat': {'value': 41, 'type': 'integer'}}, 'Defensive actions': {'key': 'defensive_actions', 'stat': {'value': 1, 'type': 'integer'}, 'hideInPopupCard': True}, 'Was fouled': {'key': 'was_fouled', 'stat': {'type': 'integer'}, 'hideInPopupCard': True}, 'Fouls committed': {'key': 'fouls', 'stat': {'value': 0, 'type': 'integer'}, 'hideInPopupCard': True}, 'Tackles': {'key': 'matchstats.headers.tackles', 'stat': {'value': 0, 'type': 'integer'}, 'hideInPopupCard': True}, 'Passes into final third': {'key': 'passes_into_final_third', 'stat': {'value': 2, 'type': 'integer'}, 'hideInPopupCard': True}, 'Interceptions': {'key': 'interceptions', 'stat': {'value': 0, 'type': 'integer'}, 'hideInPopupCard': True}}}]",1,11,0,1000010812,1,San Antonio Bulo Bulo,1297060,Oriente Petrolero,1844,2026-04-04T23:30:00.000Z,2,0,6.23,90.0,,,,23.0,27.0,,,,,1.0,,,,,,,,,,,,,,,,,,,,,,,,
Kevin Merida,1733285,648701,1297060,San Antonio Bulo Bulo,False,"[{'title': 'Top stats', 'key': 'top_stats', 'stats': {'FotMob rating': {'key': 'rating_title', 'stat': {'value': 6.1, 'type': 'double'}}, 'Minutes played': {'key': 'minutes_played', 'stat': {'value': 10, 'type': 'integer'}}, 'Goals': {'key': 'goals', 'stat': {'value': 0, 'type': 'integer'}}, 'Assists': {'key': 'assists', 'stat': {'value': 0, 'type': 'integer'}}, 'Accurate passes': {'key': 'accurate_passes', 'stat': {'value': 1, 'total': 1, 'type': 'fractionWithPercentage'}}, 'Chances created': {'key': 'chances_created', 'stat': {'value': 0, 'type': 'integer'}}, 'Shotmap': {'key': None, 'stat': {'value': 0, 'type': 'boolean'}}, 'Defensive actions': {'key': 'defensive_actions', 'stat': {'value': 1, 'type': 'integer'}}}}, {'title': 'Attack', 'key': 'attack', 'stats': {'Touches': {'key': 'touches', 'stat': {'value': 2, 'type': 'integer'}}, 'Touches in opposition box': {'key': 'touches_opp_box', 'stat': {'value': 0, 'type': 'integer'}}, 'Dispossessed': {'key': 'dispossessed', 'stat': {'value': 0, 'type': 'integer'}}}}, {'title': 'Defense', 'key': 'defense', 'stats': {'Defensive actions': {'key': 'defensive_actions', 'stat': {'value': 1, 'type': 'integer'}}, 'Tackles': {'key': 'matchstats.headers.tackles', 'stat': {'value': 0, 'type': 'integer'}}, 'Blocks': {'key': 'shot_blocks', 'stat': {'value': 0, 'type': 'integer'}}, 'Clearances': {'key': 'clearances', 'stat': {'value': 1, 'type': 'integer'}}, 'Interceptions': {'key': 'interceptions', 'stat': {'value': 0, 'type': 'integer'}}, 'Recoveries': {'key': 'recoveries', 'stat': {'value': 0, 'type': 'integer'}}, 'Dribbled past': {'key': 'dribbled_past', 'stat': {'value': 0, 'type': 'integer'}}}}, {'title': 'Duels', 'key': 'duels', 'stats': {'Aerial duels won': {'key': 'aerials_won', 'stat': {'value': 0, 'total': 0, 'type': 'fractionWithPercentage'}}, 'Was fouled': {'key': 'was_fouled', 'stat': {'type': 'integer'}}, 'Fouls committed': {'key': 'fouls', 'stat': {'value': 0, 'type': 'integer'}}}}]",8,,,1000010812,1,San Antonio Bulo Bulo,1297060,Oriente Petrolero,1844,2026-04-04T23:30:00.000Z,2,0,6.1,10.0,0.0,0.0,,1.0,1.0,0.0,,,,1.0,2.0,0.0,,,,,,0.0,,,0.0,1.0,,0.0,0.0,0.0,,,,,0.0,0.0,,0.0
Gary Rea,1748402,610410,1844,Oriente Petrolero,False,[],16,,,1000010812,1,San Antonio Bulo Bulo,1297060,Oriente Petrolero,1844,2026-04-04T23:30:00.000Z,2,0,,,,,,,,,,,,,,,,,,,,,,,,,,,,,,,,,,,,
Diego Mercado,1784636,681420,1297060,San Antonio Bulo Bulo,False,"[{'title': 'Top stats', 'key': 'top_stats', 'stats': {'FotMob rating': {'key': 'rating_title', 'stat': {'value': 7.6, 'type': 'double'}}, 'Minutes played': {'key': 'minutes_played', 'stat': {'value': 90, 'type': 'integer'}}, 'Goals': {'key': 'goals', 'stat': {'value': 0, 'type': 'integer'}}, 'Assists': {'key': 'assists', 'stat': {'value': 0, 'type': 'integer'}}, 'Accurate passes': {'key': 'accurate_passes', 'stat': {'value': 27, 'total': 32, 'type': 'fractionWithPercentage'}}, 'Chances created': {'key': 'chances_created', 'stat': {'value': 2, 'type': 'integer'}}, 'Shotmap': {'key': None, 'stat': {'value': 0, 'type': 'boolean'}}, 'Defensive actions': {'key': 'defensive_actions', 'stat': {'value': 6, 'type': 'integer'}}}}, {'title': 'Attack', 'key': 'attack', 'stats': {'Touches': {'key': 'touches', 'stat': {'value': 44, 'type': 'integer'}}, 'Touches in opposition box': {'key': 'touches_opp_box', 'stat': {'value': 5, 'type': 'integer'}}, 'Successful dribbles': {'key': 'dribbles_succeeded', 'stat': {'value': 0, 'total': 1, 'type': 'fractionWithPercentage'}}, 'Passes into final third': {'key': 'passes_into_final_third', 'stat': {'value': 4, 'type': 'integer'}}, 'Accurate crosses': {'key': 'accurate_crosses', 'stat': {'value': 1, 'total': 1, 'type': 'fractionWithPercentage'}}, 'Accurate long balls': {'key': 'long_balls_accurate', 'stat': {'value': 3, 'total': 3, 'type': 'fractionWithPercentage'}}, 'Dispossessed': {'key': 'dispossessed', 'stat': {'value': 0, 'type': 'integer'}}, 'Offsides': {'key': 'Offsides', 'stat': {'value': 2, 'type': 'integer'}}}}, {'title': 'Defense', 'key': 'defense', 'stats': {'Defensive actions': {'key': 'defensive_actions', 'stat': {'value': 6, 'type': 'integer'}}, 'Tackles': {'key': 'matchstats.headers.tackles', 'stat': {'value': 4, 'type': 'integer'}}, 'Blocks': {'key': 'shot_blocks', 'stat': {'value': 0, 'type': 'integer'}}, 'Clearances': {'key': 'clearances', 'stat': {'value': 1, 'type': 'integer'}}, 'Interceptions': {'key': 'interceptions', 'stat': {'value': 1, 'type': 'integer'}}, 'Recoveries': {'key': 'recoveries', 'stat': {'value': 3, 'type': 'integer'}}, 'Dribbled past': {'key': 'dribbled_past', 'stat': {'value': 0, 'type': 'integer'}}}}, {'title': 'Duels', 'key': 'duels', 'stats': {'Ground duels won': {'key': 'ground_duels_won', 'stat': {'value': 4, 'total': 7, 'type': 'fractionWithPercentage'}}, 'Aerial duels won': {'key': 'aerials_won', 'stat': {'value': 0, 'total': 1, 'type': 'fractionWithPercentage'}}, 'Was fouled': {'key': 'was_fouled', 'stat': {'type': 'integer'}}, 'Fouls committed': {'key': 'fouls', 'stat': {'value': 2, 'type': 'integer'}}, 'Duels won': {'key': 'duel_won', 'stat': {'value': 4, 'type': 'integer'}, 'hideInPopupCard': True}, 'Duels lost': {'key': 'duel_lost', 'stat': {'value': 4, 'type': 'integer'}, 'hideInPopupCard': True}}}]",6,103,3,1000010812,1,San Antonio Bulo Bulo,1297060,Oriente Petrolero,1844,2026-04-04T23:30:00.000Z,2,0,7.6,90.0,0.0,0.0,,27.0,32.0,2.0,,,,6.0,44.0,5.0,4.0,1.0,1.0,3.0,3.0,0.0,,,0.0,1.0,,1.0,3.0,0.0,4.0,4.0,4.0,7.0,0.0,1.0,,2.0
Joel Bernal,1792067,567987,1844,Oriente Petrolero,False,[],13,,,1000010812,1,San Antonio Bulo Bulo,1297060,Oriente Petrolero,1844,2026-04-04T23:30:00.000Z,2,0,,,,,,,,,,,,,,,,,,,,,,,,,,,,,,,,,,,,
Marco Velasco,1813484,705739,1844,Oriente Petrolero,False,"[{'title': 'Top stats', 'key': 'top_stats', 'stats': {'FotMob rating': {'key': 'rating_title', 'stat': {'value': 6.61, 'type': 'double'}}, 'Minutes played': {'key': 'minutes_played', 'stat': {'value': 90, 'type': 'integer'}}, 'Goals': {'key': 'goals', 'stat': {'value': 0, 'type': 'integer'}}, 'Assists': {'key': 'assists', 'stat': {'value': 0, 'type': 'integer'}}, 'Accurate passes': {'key': 'accurate_passes', 'stat': {'value': 24, 'total': 39, 'type': 'fractionWithPercentage'}}, 'Chances created': {'key': 'chances_created', 'stat': {'value': 0, 'type': 'integer'}}, 'Shotmap': {'key': None, 'stat': {'value': 0, 'type': 'boolean'}}, 'Defensive actions': {'key': 'defensive_actions', 'stat': {'value': 5, 'type': 'integer'}}}}, {'title': 'Attack', 'key': 'attack', 'stats': {'Touches': {'key': 'touches', 'stat': {'value': 59, 'type': 'integer'}}, 'Touches in opposition box': {'key': 'touches_opp_box', 'stat': {'value': 1, 'type': 'integer'}}, 'Successful dribbles': {'key': 'dribbles_succeeded', 'stat': {'value': 1, 'total': 2, 'type': 'fractionWithPercentage'}}, 'Passes into final third': {'key': 'passes_into_final_third', 'stat': {'value': 14, 'type': 'integer'}}, 'Accurate crosses': {'key': 'accurate_crosses', 'stat': {'value': 0, 'total': 3, 'type': 'fractionWithPercentage'}}, 'Accurate long balls': {'key': 'long_balls_accurate', 'stat': {'value': 3, 'total': 10, 'type': 'fractionWithPercentage'}}, 'Corners': {'key': 'corners', 'stat': {'value': 1, 'type': 'integer'}}, 'Dispossessed': {'key': 'dispossessed', 'stat': {'value': 0, 'type': 'integer'}}}}, {'title': 'Defense', 'key': 'defense', 'stats': {'Defensive actions': {'key': 'defensive_actions', 'stat': {'value': 5, 'type': 'integer'}}, 'Tackles': {'key': 'matchstats.headers.tackles', 'stat': {'value': 0, 'type': 'integer'}}, 'Blocks': {'key': 'shot_blocks', 'stat': {'value': 0, 'type': 'integer'}}, 'Clearances': {'key': 'clearances', 'stat': {'value': 3, 'type': 'integer'}}, 'Headed clearance': {'key': 'headed_clearance', 'stat': {'value': 1, 'type': 'integer'}}, 'Interceptions': {'key': 'interceptions', 'stat': {'value': 2, 'type': 'integer'}}, 'Recoveries': {'key': 'recoveries', 'stat': {'value': 6, 'type': 'integer'}}, 'Dribbled past': {'key': 'dribbled_past', 'stat': {'value': 0, 'type': 'integer'}}}}, {'title': 'Duels', 'key': 'duels', 'stats': {'Ground duels won': {'key': 'ground_duels_won', 'stat': {'value': 1, 'total': 2, 'type': 'fractionWithPercentage'}}, 'Aerial duels won': {'key': 'aerials_won', 'stat': {'value': 2, 'total': 2, 'type': 'fractionWithPercentage'}}, 'Was fouled': {'key': 'was_fouled', 'stat': {'type': 'integer'}}, 'Fouls committed': {'key': 'fouls', 'stat': {'value': 0, 'type': 'integer'}}, 'Duels won': {'key': 'duel_won', 'stat': {'value': 3, 'type': 'integer'}, 'hideInPopupCard': True}, 'Duels lost': {'key': 'duel_lost', 'stat': {'value': 1, 'type': 'integer'}, 'hideInPopupCard': True}}}]",24,38,1,1000010812,1,San Antonio Bulo Bulo,1297060,Oriente Petrolero,1844,2026-04-04T23:30:00.000Z,2,0,6.61,90.0,0.0,0.0,,24.0,39.0,0.0,,,,5.0,59.0,1.0,14.0,0.0,3.0,3.0,10.0,0.0,,,0.0,3.0,1.0,2.0,6.0,0.0,3.0,1.0,1.0,2.0,2.0,2.0,,0.0
Rafael Menacho,1909547,546660,1297060,San Antonio Bulo Bulo,False,[],18,,,1000010812,1,San Antonio Bulo Bulo,1297060,Oriente Petrolero,1844,2026-04-04T23:30:00.000Z,2,0,,,,,,,,,,,,,,,,,,,,,,,,,,,,,,,,,,,,
Emanuel Aguilar,1950611,736952,1297060,San Antonio Bulo Bulo,False,[],77,,,1000010812,1,San Antonio Bulo Bulo,1297060,Oriente Petrolero,1844,2026-04-04T23:30:00.000Z,2,0,,,,,,,,,,,,,,,,,,,,,,,,,,,,,,,,,,,,
Manuel Reyes,1950634,736954,1844,Oriente Petrolero,False,[],36,,,1000010812,1,San Antonio Bulo Bulo,1297060,Oriente Petrolero,1844,2026-04-04T23:30:00.000Z,2,0,,,,,,,,,,,,,,,,,,,,,,,,,,,,,,,,,,,,
